,been,were,click,know,course,room,hand,head,electronics,videos,band,kit,amazon,input,resolution,proposed,device,parent,guy,leather,interests,solid,cvs,brother,anonymous,injury,row,philosophy,provision,prescription,institution,weblog,fm,bound,alumni,satisfaction,indexed,committees,antique,blank,angle,underground,lbs,coupons,senator,purchases,jokes,stability,stewart,decrease,ns,automated,encouraged,illness,firewall,flickr,rr,protective,indicator,flows,inclusion,elegant,collaborative,mandatory,pumps,intensity,governmental,pond,organ,nail,knee,mistakes,horn,semiconductor,abs,completing,succeed,exhibitions,zoning,preventing,subdivision,surround,indexes,tackle,excuse,uh,occurring,angola,dispatch,herb,deviation,lid,ladder,confidentiality,treasures,creations,acquisitions,hardwood,indices,bother
been,0.0,1.0,1.0,1.0,1.0,1.0,1.0,1.0,1.0,1.0,0.941128671169281,1.0,0.9687702655792236,1.0,0.9737399220466614,1.0,1.0,0.9601316452026367,1.0,1.0,1.0,1.0,1.0,0.9563307166099548,1.0,1.0,1.0,1.0,0.9717456698417664,0.9767765998840332,0.9752628207206726,1.0,1.0,0.9462893605232239,1.0,0.9771912693977356,1.0,0.9578194618225098,1.0,0.9520665407180786,1.0,1.0,1.0,1.0,0.9617371559143066,1.0,1.0,1.0,1.0,1.0,1.0,1.0,0.9697785377502441,1.0,1.0,1.0,1.0,1.0,1.0,1.0,0.9728441834449768,1.0,1.0,1.0,1.0,0.9660292863845825,0.9732286334037781,1.0,0.9660590887069702,1.0,0.9351097941398621,1.0,0.9624014496803284,1.0,1.0,1.0,0.950111448764801,1.0,1.0,0.9675372838973999,0.9758943915367126,1.0,1.0,1.0,1.0,1.0,1.0,1.0,1.0,1.0,0.9715441465377808,1.0,1.0,0.9745734930038452,1.0,1.0,1.0,1.0,1.0,0.952094316482544
were,1.0,0.0,1.0,1.0,0.9644982814788818,1.0,1.0,1.0,1.0,1.0,1.0,1.0,1.0,1.0,0.9701387286186218,1.0,0.9652870297431946,0.9638946652412415,1.0,0.9634130001068115,0.8767646551132202,1.0,1.0,0.9636211395263672,1.0,1.0,1.0,1.0,1.0,0.9735918641090393,1.0,0.8010984659194946,1.0,1.0,1.0,1.0,1.0,1.0,0.9686111211776733,1.0,0.9617523550987244,0.9730985760688782,1.0,1.0,1.0,1.0,1.0,1.0,1.0,0.9381046295166016,1.0,1.0,1.0,1.0,0.9704084396362305,1.0,1.0,0.9729424715042114,1.0,1.0,1.0,1.0,0.9769300818443298,1.0,1.0,1.0,0.9742977619171143,1.0,1.0,1.0,0.9594984650611877,1.0,1.0,1.0,1.0,1.0,1.0,1.0,1.0,0.9706013202667236,1.0,1.0,1.0,0.9672319889068604,0.9667694568634033,1.0,1.0,1.0,1.0,0.9542720317840576,1.0,1.0,0.9623955488204956,1.0,0.9413807392120361,0.9668983817100525,1.0,1.0,1.0,0.9600920081138611
click,1.0,1.0,0.0,1.0,0.9650245904922485,1.0,1.0,1.0,0.9722375869750977,1.0,1.0,1.0,1.0,1.0,1.0,1.0,0.9610390663146973,1.0,1.0,1.0,1.0,0.9541399478912354,0.9538021683692932,1.0,1.0,1.0,1.0,1.0,1.0,1.0,1.0,1.0,1.0,1.0,1.0,1.0,1.0,0.9740631580352783,1.0,0.9346964955329895,1.0,1.0,1.0,0.9670486450195312,1.0,1.0,1.0,0.9663260579109192,1.0,1.0,1.0,1.0,1.0,1.0,1.0,0.684420108795166,1.0,1.0,0.9665243029594421,1.0,0.9464625716209412,1.0,0.977272093296051,1.0,1.0,1.0,1.0,1.0,1.0,1.0,1.0,1.0,1.0,0.9742169976234436,1.0,0.9736908674240112,1.0,1.0,1.0,1.0,1.0,1.0,1.0,0.9473884105682373,1.0,1.0,1.0,1.0,1.0,1.0,1.0,0.9393891096115112,1.0,0.9521770477294922,1.0,0.9691292643547058,1.0,1.0,0.9612129330635071,1.0
know,1.0,1.0,1.0,0.0,1.0,1.0,1.0,1.0,1.0,1.0,1.0,0.9192700982093811,1.0,1.0,1.0,1.0,1.0,1.0,1.0,1.0,1.0,1.0,1.0,1.0,0.9464952945709229,1.0,0.7272378206253052,1.0,1.0,1.0,1.0,1.0,1.0,1.0,1.0,1.0,1.0,1.0,1.0,1.0,1.0,1.0,1.0,1.0,1.0,1.0,1.0,1.0,1.0,1.0,1.0,1.0,1.0,1.0,1.0,1.0,1.0,1.0,1.0,0.9375551342964172,1.0,1.0,1.0,1.0,1.0,1.0,1.0,1.0,1.0,1.0,0.7694705128669739,1.0,1.0,1.0,1.0,1.0,1.0,1.0,1.0,1.0,1.0,1.0,1.0,1.0,1.0,1.0,1.0,1.0,1.0,1.0,1.0,1.0,1.0,1.0,1.0,1.0,1.0,1.0,1.0,1.0
course,1.0,0.9644982814788818,0.9650245904922485,1.0,0.0,1.0,1.0,1.0,1.0,1.0,1.0,1.0,1.0,1.0,1.0,0.9676626324653625,0.9705880880355835,1.0,1.0,1.0,1.0,1.0,0.955504834651947,1.0,0.97076815366745,0.9635390043258667,1.0,1.0,1.0,1.0,1.0,1.0,1.0,0.9568093419075012,1.0,1.0,1.0,0.9177734851837158,0.9734045267105103,1.0,0.9675931930541992,0.9740324020385742,1.0,0.7486565113067627,0.9645403623580933,0.9404982924461365,1.0,1.0,1.0,0.8954135775566101,1.0,1.0,0.7863443493843079,1.0,1.0,1.0,1.0,0.9770744442939758,1.0,1.0,1.0,1.0,0.9083999395370483,1.0,1.0,1.0,1.0,1.0,1.0,1.0,0.9656834602355957,1.0,1.0,0.9519613981246948,1.0,0.9165932536125183,1.0,1.0,1.0,1.0,1.0,0.9325445294380188,1.0,0.9722360372543335,0.8845337629318237,1.0,0.9706307053565979,1.0,1.0,1.0,1.0,1.0,1.0,0.9319196939468384,0.9700066447257996,0.9702669978141785,1.0,1.0,1.0,1.0
room,1.0,1.0,1.0,1.0,1.0,0.0,1.0,1.0,0.9731884598731995,1.0,1.0,1.0,1.0,1.0,0.955194890499115,0.967575192451477,1.0,1.0,1.0,1.0,1.0,1.0,1.0,0.9647889733314514,1.0,1.0,0.7755360007286072,1.0,0.9670326113700867,1.0,1.0,1.0,0.8881908655166626,1.0,1.0,1.0,1.0,0.9582709074020386,1.0,1.0,1.0,0.973962128162384,1.0,1.0,1.0,1.0,1.0,1.0,1.0,1.0,1.0,0.9566373825073242,1.0,1.0,1.0,1.0,0.9063403010368347,0.9706714153289795,1.0,1.0,1.0,1.0,1.0,1.0,1.0,1.0,1.0,1.0,1.0,1.0,1.0,1.0,1.0,1.0,1.0,0.9576719403266907,1.0,1.0,1.0,1.0,1.0,0.9661810398101807,1.0,1.0,1.0,1.0,1.0,1.0,1.0,1.0,1.0,1.0,1.0,1.0,1.0,1.0,1.0,0.9441965818405151,1.0,1.0
hand,1.0,1.0,1.0,1.0,1.0,1.0,0.0,0.8972730040550232,1.0,1.0,0.6206530332565308,1.0,1.0,1.0,1.0,0.973656952381134,1.0,1.0,1.0,1.0,1.0,0.966589093208313,1.0,1.0,0.9694950580596924,1.0,1.0,1.0,1.0,1.0,1.0,1.0,1.0,0.8656775951385498,1.0,1.0,0.9348581433296204,1.0,0.9645905494689941,0.9597762823104858,0.9568532705307007,0.8948835730552673,1.0,1.0,1.0,0.9463598132133484,1.0,1.0,1.0,1.0,1.0,0.9759080410003662,0.9771842956542969,1.0,1.0,1.0,1.0,1.0,0.9697573184967041,1.0,1.0,0.9648026823997498,1.0,0.8864927291870117,1.0,1.0,1.0,0.8490486145019531,0.9587842226028442,1.0,1.0,1.0,0.9355179071426392,0.9767070412635803,1.0,1.0,0.9725789427757263,1.0,1.0,1.0,1.0,0.895107090473175,0.9646826982498169,1.0,1.0,1.0,1.0,0.9620177149772644,1.0,0.9349451065063477,1.0,0.9558424949645996,1.0,1.0,1.0,1.0,1.0,0.815947949886322,0.9649588465690613,1.0
head,1.0,1.0,1.0,1.0,1.0,1.0,0.8972730040550232,0.0,1.0,1.0,0.9642098546028137,1.0,1.0,1.0,1.0,0.9755524396896362,1.0,1.0,1.0,0.9033896327018738,1.0,0.9689931869506836,1.0,0.9519696235656738,1.0,1.0,1.0,1.0,1.0,1.0,1.0,1.0,1.0,0.9673472046852112,1.0,1.0,0.9719002842903137,1.0,1.0,1.0,1.0,0.9803680777549744,1.0,1.0,1.0,1.0,1.0,1.0,1.0,0.9554961323738098,1.0,0.9776415824890137,0.9788259863853455,1.0,1.0,1.0,1.0,1.0,1.0,1.0,1.0,1.0,1.0,1.0,1.0,1.0,1.0,0.9633048176765442,1.0,1.0,1.0,1.0,0.9401577115058899,1.0,1.0,1.0,0.9745520353317261,1.0,1.0,1.0,1.0,0.9745013117790222,1.0,1.0,1.0,1.0,1.0,1.0,1.0,0.7950035333633423,1.0,0.9590198397636414,0.9307178854942322,1.0,0.9589762687683105,0.9536687135696411,1.0,0.936421275138855,1.0,0.9473101496696472
electronics,1.0,1.0,0.9722375869750977,1.0,1.0,0.9731884598731995,1.0,1.0,0.0,0.9877716898918152,1.0,1.0,0.9861030578613281,1.0,0.9883145093917847,0.9802234768867493,0.9738548398017883,1.0,1.0,0.973499596118927,0.9892788529396057,1.0,0.9826286435127258,0.9785241484642029,0.9788042306900024,1.0,0.9683186411857605,1.0,0.967319667339325,0.9896658062934875,0.9889922142028809,1.0,1.0,1.0,0.9654005169868469,0.9661144614219666,1.0,0.9902471899986267,1.0,1.0,0.9689756035804749,0.9841189980506897,0.9825072884559631,0.9737830758094788,1.0,0.9898048043251038,0.9864680171012878,1.0,1.0,0.9675697088241577,0.9765113592147827,1.0,0.9771814942359924,0.9887285232543945,1.0,0.9747973084449768,1.0,0.8935473561286926,0.9775357842445374,0.9866640567779541,0.9879159331321716,0.7938262224197388,1.0,1.0,0.9865966439247131,1.0,1.0,0.9814389944076538,1.0,1.0,1.0,0.989201545715332,1.0,0.9509942531585693,0.9819384217262268,0.9783383011817932,1.0,0.956486701965332,0.9055142998695374,1.0,0.9892732501029968,0.9793731570243835,0.9870972037315369,0.9734203815460205,0.9707328081130981,1.0,1.0,1.0,1.0,1.0,0.9873374700546265,1.0,1.0,0.990989089012146,0.9556216597557068,0.9754384160041809,0.980282187461853,1.0,0.9611696004867554,1.0
videos,1.0,1.0,1.0,1.0,1.0,1.0,1.0,1.0,0.9877716898918152,0.0,1.0,1.0,1.0,1.0,1.0,0.9569879770278931,0.9285744428634644,1.0,1.0,1.0,0.9856925010681152,0.9510530829429626,0.9768177270889282,1.0,0.9866317510604858,1.0,1.0,0.9655399322509766,0.9642522931098938,1.0,1.0,1.0,1.0,1.0,1.0,1.0,0.9696654677391052,0.9869847893714905,1.0,1.0,1.0,0.9788066744804382,0.9766557812690735,0.9834648966789246,1.0,0.9863944053649902,0.9819414615631104,1.0,1.0,0.9734445214271545,0.968654215335846,1.0,1.0,0.9849580526351929,1.0,1.0,1.0,1.0,1.0,0.9822030663490295,1.0,1.0,1.0,1.0,0.9821131229400635,1.0,1.0,1.0,1.0,1.0,1.0,0.985589325428009,1.0,1.0,0.9758966565132141,1.0,1.0,0.9870768189430237,1.0,1.0,0.9695013165473938,1.0,0.9520516395568848,1.0,1.0,1.0,1.0,1.0,1.0,1.0,0.9369724988937378,0.9353093504905701,0.9703747630119324,0.91689532995224,0.986283540725708,0.9845089316368103,0.9875639081001282,1.0,0.9829156994819641,1.0
band,0.941128671169281,1.0,1.0,1.0,1.0,1.0,0.6206530332565308,0.9642098546028137,1.0,1.0,0.0,1.0,1.0,1.0,1.0,0.9742175936698914,1.0,1.0,1.0,1.0,1.0,0.9673001766204834,1.0,0.9533491730690002,0.9701442718505859,1.0,1.0,1.0,1.0,1.0,1.0,1.0,1.0,0.8111585378646851,1.0,1.0,0.9362444877624512,1.0,0.9653441309928894,0.909426212310791,0.9577715396881104,0.8971207141876221,1.0,1.0,1.0,1.0,1.0,1.0,1.0,1.0,1.0,0.9764207601547241,0.9776698350906372,1.0,1.0,1.0,1.0,1.0,0.9704009294509888,1.0,1.0,0.9655517339706421,1.0,0.8889083862304688,1.0,1.0,1.0,0.8522611856460571,0.9596613645553589,1.0,1.0,1.0,1.0,0.9772027730941772,1.0,1.0,0.9731625318527222,1.0,1.0,1.0,1.0,0.8973394632339478,0.9654343128204346,1.0,1.0,1.0,1.0,0.9628260731697083,1.0,1.0,1.0,0.9567822813987732,1.0,1.0,1.0,1.0,1.0,0.9761316776275635,0.965704619884491,0.9488235712051392
kit,1.0,1.0,1.0,0.9192700982093811,1.0,1.0,1.0,1.0,1.0,1.0,1.0,0.0,1.0,0.9381983876228333,1.0,1.0,1.0,0.9433609843254089,1.0,1.0,1.0,1.0,1.0,1.0,1.0,1.0,1.0,1.0,1.0,1.0,0.9647358059883118,1.0,1.0,1.0,1.0,1.0,1.0,0.9651349186897278,1.0,1.0,1.0,1.0,1.0,1.0,1.0,1.0,1.0,0.9631070494651794,0.9496012926101685,1.0,1.0,1.0,1.0,1.0,1.0,1.0,1.0,1.0,1.0,1.0,1.0,0.9482958316802979,1.0,1.0,1.0,0.961432695388794,1.0,1.0,1.0,1.0,0.9178929924964905,1.0,1.0,1.0,1.0,1.0,1.0,0.9653815031051636,1.0,1.0,1.0,1.0,1.0,1.0,1.0,1.0,1.0,1.0,1.0,1.0,1.0,1.0,1.0,0.9711330533027649,1.0,1.0,0.9666863083839417,1.0,1.0,1.0
amazon,0.9687702655792236,1.0,1.0,1.0,1.0,1.0,1.0,1.0,0.9861030578613281,1.0,1.0,1.0,0.0,1.0,0.9371848702430725,1.0,1.0,1.0,1.0,1.0,1.0,1.0,1.0,1.0,0.9605109691619873,1.0,1.0,1.0,0.9324145317077637,0.944448709487915,0.9408276677131653,1.0,1.0,1.0,0.9711465835571289,0.9454405903816223,1.0,1.0,0.9717969298362732,1.0,0.9656343460083008,1.0,1.0,0.9812086224555969,1.0,1.0,1.0,1.0,1.0,1.0,1.0,0.9353580474853516,1.0,1.0,1.0,1.0,1.0,1.0,1.0,1.0,0.9350422620773315,1.0,1.0,0.959372341632843,1.0,1.0,1.0,0.9747740030288696,0.9721665382385254,1.0,1.0,1.0,0.9691669940948486,0.9870939254760742,0.9561923146247864,1.0,1.0,0.9853134155273438,0.8644295334815979,1.0,0.9423384070396423,1.0,1.0,1.0,1.0,1.0,1.0,0.9697477221488953,1.0,1.0,0.9319325685501099,1.0,1.0,0.9877534508705139,1.0,0.9823951125144958,0.9632644653320312,1.0,1.0,1.0
input,1.0,1.0,1.0,1.0,1.0,1.0,1.0,1.0,1.0,1.0,1.0,0.9381983876228333,1.0,0.0,0.9587977528572083,1.0,1.0,0.9546140432357788,1.0,1.0,0.9248111844062805,1.0,1.0,1.0,1.0,0.9123731255531311,1.0,1.0,1.0,1.0,0.8920063972473145,1.0,1.0,1.0,1.0,1.0,0.9106736779212952,1.0,1.0,1.0,1.0,1.0,1.0,1.0,1.0,0.9552921056747437,1.0,1.0,0.9596145749092102,1.0,1.0,0.9601242542266846,1.0,0.9729181528091431,1.0,1.0,1.0,1.0,0.9225128293037415,1.0,0.9240552186965942,0.9585684537887573,1.0,1.0,0.9412238001823425,0.9243392944335938,1.0,1.0,1.0,1.0,1.0,1.0,1.0,1.0,1.0,0.9794988036155701,1.0,1.0,0.9733309745788574,0.9786352515220642,1.0,1.0,0.9095107913017273,1.0,1.0,1.0,0.9791430830955505,1.0,1.0,1.0,1.0,1.0,1.0,1.0,1.0,1.0,1.0,1.0,0.910218358039856,1.0
resolution,0.9737399220466614,0.9701387286186218,1.0,1.0,1.0,0.955194890499115,1.0,1.0,0.9883145093917847,1.0,1.0,1.0,0.9371848702430725,0.9587977528572083,0.0,1.0,1.0,0.9756417274475098,1.0,1.0,0.9278755187988281,0.858080267906189,1.0,1.0,0.9872252345085144,1.0,0.9470568895339966,0.970490038394928,0.8776673674583435,0.7823868989944458,0.7148481607437134,1.0,1.0,1.0,0.9604593515396118,0.8331735730171204,1.0,0.9822385311126709,0.9817352294921875,1.0,1.0,1.0,1.0,0.9841989278793335,1.0,0.9814328551292419,0.9753559827804565,1.0,1.0,0.9785490036010742,1.0,0.9697753190994263,1.0,0.9794727563858032,0.980036199092865,1.0,0.9347171783447266,0.9842555522918701,1.0,1.0,0.8464298844337463,1.0,0.9610884785652161,1.0,1.0,1.0,1.0,0.9787882566452026,0.9765956997871399,1.0,1.0,0.9803341627120972,0.9740735292434692,0.9891476631164551,1.0,0.9844606518745422,1.0,0.8951147198677063,0.983588457107544,0.9639724493026733,0.8956300616264343,1.0,0.9765018224716187,1.0,1.0,1.0,1.0,0.9628021121025085,1.0,1.0,0.8096941113471985,1.0,1.0,0.9770183563232422,0.9110811352729797,0.8519415855407715,0.8990678787231445,1.0,0.9766855835914612,1.0
proposed,1.0,1.0,1.0,1.0,0.9676626324653625,0.967575192451477,0.973656952381134,0.9755524396896362,0.9802234768867493,0.9569879770278931,0.9742175936698914,1.0,1.0,1.0,1.0,0.0,1.0,0.974223256111145,1.0,1.0,1.0,0.9776633977890015,1.0,0.9740279316902161,1.0,1.0,0.961685836315155,0.9150748252868652,0.8086929321289062,0.9278922080993652,1.0,1.0,1.0,0.9764776825904846,1.0,1.0,0.9065136909484863,1.0,1.0,1.0,1.0,0.9666517972946167,1.0,0.9564177989959717,0.970121443271637,0.9541757702827454,1.0,1.0,1.0,0.9725834727287292,1.0,0.925614595413208,0.9295551180839539,1.0,1.0,1.0,1.0,0.8298087120056152,1.0,1.0,1.0,1.0,1.0,1.0,0.9727127552032471,1.0,1.0,0.8811972737312317,1.0,1.0,1.0,1.0,1.0,0.9790757298469543,1.0,1.0,0.9153358340263367,1.0,1.0,0.9197266101837158,1.0,0.9566860198974609,1.0,1.0,0.9697313904762268,1.0,1.0,1.0,1.0,1.0,1.0,0.9704788327217102,1.0,1.0,1.0,1.0,1.0,0.9836960434913635,1.0,1.0
device,1.0,0.9652870297431946,0.9610390663146973,1.0,0.9705880880355835,1.0,1.0,1.0,0.9738548398017883,0.9285744428634644,1.0,1.0,1.0,1.0,1.0,1.0,0.0,1.0,1.0,1.0,1.0,1.0,1.0,1.0,1.0,1.0,1.0,1.0,0.9624077081680298,1.0,1.0,1.0,1.0,1.0,1.0,1.0,0.9681001305580139,1.0,0.9739953875541687,1.0,0.9683132171630859,0.9777131080627441,1.0,1.0,1.0,1.0,1.0,1.0,1.0,0.8607909083366394,1.0,1.0,1.0,1.0,1.0,0.9646313190460205,1.0,0.9775837659835815,0.9684743881225586,1.0,1.0,1.0,0.9808874130249023,1.0,1.0,1.0,1.0,1.0,1.0,1.0,0.9664459228515625,1.0,1.0,0.9757189750671387,1.0,1.0,0.9529175758361816,1.0,1.0,0.9579197764396667,0.9679275751113892,1.0,0.9676848649978638,0.972852885723114,0.972469687461853,1.0,1.0,1.0,0.9622029066085815,1.0,0.5882010459899902,1.0,0.9688460826873779,0.9797762632369995,1.0,1.0,1.0,1.0,0.8516141772270203,1.0
parent,0.9601316452026367,0.9638946652412415,1.0,1.0,1.0,1.0,1.0,1.0,1.0,1.0,1.0,0.9433609843254089,1.0,0.9546140432357788,0.9756417274475098,0.974223256111145,1.0,0.0,1.0,1.0,0.9469151496887207,1.0,1.0,1.0,1.0,1.0,1.0,0.979348361492157,0.9737918972969055,0.9569169282913208,1.0,1.0,1.0,1.0,1.0,1.0,1.0,1.0,0.9694730043411255,1.0,1.0,1.0,1.0,1.0,0.9680984020233154,0.9762849807739258,1.0,1.0,0.9177098870277405,0.974063515663147,1.0,1.0,0.9748028516769409,1.0,0.9758617281913757,1.0,1.0,0.9766846299171448,1.0,1.0,1.0,0.8786991834640503,1.0,1.0,0.9688225388526917,0.9433538317680359,0.9247009754180908,0.9613096714019775,1.0,1.0,1.0,1.0,1.0,1.0,1.0,1.0,1.0,1.0,1.0,0.8607311248779297,1.0,1.0,1.0,1.0,1.0,1.0,1.0,1.0,0.9526875019073486,1.0,1.0,1.0,1.0,0.9284836053848267,0.9521834254264832,0.9729984998703003,1.0,0.9587709307670593,1.0,1.0
guy,1.0,1.0,1.0,1.0,1.0,1.0,1.0,1.0,1.0,1.0,1.0,1.0,1.0,1.0,1.0,1.0,1.0,1.0,0.0,1.0,1.0,1.0,1.0,1.0,1.0,0.9537544250488281,1.0,0.9671396017074585,1.0,1.0,1.0,1.0,1.0,1.0,1.0,1.0,1.0,1.0,1.0,1.0,1.0,1.0,1.0,1.0,1.0,1.0,1.0,0.961803138256073,1.0,1.0,1.0,1.0,1.0,1.0,1.0,1.0,1.0,1.0,1.0,1.0,1.0,1.0,1.0,0.9619588255882263,1.0,0.9600695967674255,0.9486513733863831,1.0,1.0,1.0,1.0,1.0,1.0,1.0,1.0,1.0,1.0,1.0,1.0,1.0,1.0,1.0,1.0,1.0,1.0,1.0,1.0,1.0,1.0,1.0,1.0,1.0,1.0,0.9701128005981445,1.0,1.0,1.0,1.0,1.0,1.0
leather,1.0,0.9634130001068115,1.0,1.0,1.0,1.0,1.0,0.9033896327018738,0.973499596118927,1.0,1.0,1.0,1.0,1.0,1.0,1.0,1.0,1.0,1.0,0.0,0.9747288823127747,1.0,1.0,0.637614369392395,1.0,1.0,1.0,1.0,1.0,1.0,1.0,1.0,1.0,1.0,1.0,0.9797768592834473,1.0,1.0,1.0,1.0,0.9590232372283936,0.9790245294570923,0.9397062659263611,1.0,0.9443391561508179,1.0,1.0,1.0,1.0,0.9649864435195923,1.0,0.977466344833374,1.0,1.0,1.0,0.9707816243171692,0.9484026432037354,1.0,0.9493899345397949,1.0,1.0,0.9665728807449341,0.9809980988502502,0.9771474599838257,1.0,1.0,0.9799595475196838,1.0,1.0,1.0,1.0,1.0,1.0,0.9799412488937378,1.0,0.9713894128799438,1.0,1.0,1.0,1.0,1.0,1.0,1.0,0.9648938775062561,1.0,1.0,1.0,1.0,0.9770527482032776,0.8647084832191467,0.9747698903083801,0.9359742999076843,0.8556079864501953,1.0,0.9677244424819946,0.8868728876113892,1.0,1.0,1.0,0.602459192276001
interests,1.0,0.8767646551132202,1.0,1.0,1.0,1.0,1.0,1.0,0.9892788529396057,0.9856925010681152,1.0,1.0,1.0,0.9248111844062805,0.9278755187988281,1.0,1.0,0.9469151496887207,1.0,0.9747288823127747,0.0,1.0,0.9796749949455261,0.9748726487159729,0.9882794618606567,0.9319994449615479,1.0,1.0,1.0,0.936215877532959,0.9188738465309143,1.0,1.0,1.0,1.0,1.0,0.9306806325912476,0.9454182982444763,0.9741510152816772,1.0,1.0,0.9814188480377197,0.9795330166816711,0.9855028986930847,1.0,0.9690619707107544,0.9589362740516663,0.9712923765182495,0.9397960901260376,0.9780380725860596,0.9725176692008972,0.9740357398986816,1.0,0.9447796940803528,0.9795607328414917,1.0,1.0,0.9743207097053528,0.9398680925369263,0.9843965768814087,0.9410650730133057,0.9743059277534485,1.0,1.0,0.9843177199363708,0.7221507430076599,0.9633469581604004,1.0,1.0,1.0,1.0,0.9371928572654724,1.0,1.0,0.9788674712181091,0.9840905666351318,1.0,0.9886696338653564,0.9793041944503784,0.9401962161064148,1.0,1.0,0.8906237483024597,1.0,1.0,1.0,0.983814537525177,1.0,1.0,0.9684151411056519,1.0,1.0,0.9740261435508728,0.982049286365509,0.8969374895095825,0.9635545015335083,0.9890967011451721,1.0,0.8914790153503418,0.9724350571632385
solid,1.0,1.0,0.9541399478912354,1.0,1.0,1.0,0.966589093208313,0.9689931869506836,1.0,0.9510530829429626,0.9673001766204834,1.0,1.0,1.0,0.858080267906189,0.9776633977890015,1.0,1.0,1.0,1.0,1.0,0.0,1.0,1.0,1.0,1.0,1.0,0.960392951965332,1.0,1.0,1.0,1.0,1.0,0.9701666235923767,1.0,0.9751027822494507,0.9743266105651855,1.0,1.0,1.0,1.0,0.9820632338523865,1.0,1.0,0.9667373299598694,1.0,1.0,0.9370902180671692,0.9691601395606995,1.0,1.0,0.9795721173286438,0.9806542992591858,1.0,1.0,0.9583683013916016,1.0,1.0,1.0,1.0,1.0,1.0,0.9657918214797974,1.0,1.0,1.0,1.0,0.9664732813835144,1.0,1.0,1.0,1.0,1.0,0.97670578956604,1.0,1.0,0.9451741576194763,1.0,1.0,1.0,0.9736871719360352,0.945064902305603,1.0,1.0,1.0,1.0,1.0,0.9500745534896851,1.0,1.0,1.0,0.5422415733337402,1.0,0.9405578970909119,1.0,1.0,1.0,0.9793216586112976,1.0,1.0
cvs,1.0,1.0,0.9538021683692932,1.0,0.955504834651947,1.0,1.0,1.0,0.9826286435127258,0.9768177270889282,1.0,1.0,1.0,1.0,1.0,1.0,1.0,1.0,1.0,1.0,0.9796749949455261,1.0,0.0,1.0,0.981009304523468,1.0,1.0,1.0,1.0,1.0,1.0,1.0,1.0,1.0,1.0,1.0,1.0,0.9485142827033997,1.0,1.0,1.0,1.0,0.9668375849723816,0.9345902800559998,1.0,0.9806721210479736,0.9743462800979614,1.0,1.0,1.0,0.9554706811904907,1.0,1.0,0.9786316752433777,1.0,1.0,1.0,1.0,1.0,0.9747179746627808,1.0,1.0,0.9710859060287476,1.0,0.9745901226997375,1.0,1.0,1.0,1.0,1.0,1.0,0.9795284271240234,1.0,1.0,0.9657591581344604,0.966529905796051,1.0,0.9816415309906006,1.0,1.0,1.0,1.0,0.9755390286445618,1.0,1.0,1.0,1.0,1.0,1.0,1.0,1.0,1.0,1.0,0.9726802110671997,0.9805145859718323,0.9387202858924866,0.9823334813117981,1.0,0.975730299949646,1.0
brother,0.9563307166099548,0.9636211395263672,1.0,1.0,1.0,0.9647889733314514,1.0,0.9519696235656738,0.9785241484642029,1.0,0.9533491730690002,1.0,1.0,1.0,1.0,0.9740279316902161,1.0,1.0,1.0,0.637614369392395,0.9748726487159729,1.0,1.0,0.0,1.0,1.0,0.9583935737609863,1.0,0.9735933542251587,1.0,1.0,1.0,1.0,0.957438588142395,1.0,1.0,1.0,1.0,1.0,0.9620165824890137,1.0,0.9582877159118652,1.0,1.0,0.9715202450752258,1.0,1.0,1.0,1.0,1.0,1.0,1.0,1.0,1.0,1.0,0.970947802066803,0.9486961960792542,0.8945499658584595,0.9741045832633972,1.0,1.0,1.0,1.0,1.0,1.0,1.0,0.9800735712051392,1.0,1.0,1.0,1.0,1.0,1.0,0.9800553321838379,1.0,1.0,1.0,1.0,1.0,1.0,1.0,0.9729112386703491,1.0,1.0,1.0,1.0,1.0,1.0,1.0,0.8654780983924866,1.0,1.0,0.8990607261657715,1.0,1.0,1.0,1.0,1.0,1.0,0.4012994170188904
anonymous,1.0,1.0,1.0,0.9464952945709229,0.97076815366745,1.0,0.9694950580596924,1.0,0.9788042306900024,0.9866317510604858,0.9701442718505859,1.0,0.9605109691619873,1.0,0.9872252345085144,1.0,1.0,1.0,1.0,1.0,0.9882794618606567,1.0,0.981009304523468,1.0,0.0,1.0,1.0,1.0,0.9862550497055054,0.9887024760246277,0.9879660606384277,1.0,1.0,0.9671022295951843,0.9767909049987793,0.9889041781425476,1.0,0.9893380403518677,0.9227412939071655,0.9756912589073181,0.905859649181366,0.9802207946777344,0.980876624584198,0.9437990188598633,1.0,0.9888544082641602,0.9852065443992615,1.0,1.0,1.0,0.9743217825889587,0.9802274107933044,0.978667140007019,0.9876777529716492,1.0,1.0,1.0,1.0,1.0,0.9854209423065186,0.9523576498031616,0.9787288904190063,1.0,0.9810850024223328,0.9853472113609314,1.0,1.0,0.979708731174469,0.9750916957855225,1.0,1.0,0.9881948828697205,1.0,0.9896185994148254,0.9450166821479797,1.0,1.0,0.9775998592376709,0.9843006134033203,1.0,0.9882733225822449,0.9743099808692932,0.9858943819999695,1.0,0.9608584642410278,1.0,1.0,0.917127788066864,1.0,1.0,0.9861570596694946,1.0,1.0,0.9901491403579712,0.9887635707855225,0.9731488227844238,0.9602630734443665,1.0,0.9860047101974487,1.0
injury,1.0,1.0,1.0,1.0,0.9635390043258667,1.0,1.0,1.0,1.0,1.0,1.0,1.0,1.0,0.9123731255531311,1.0,1.0,1.0,1.0,0.9537544250488281,1.0,0.9319994449615479,1.0,1.0,1.0,1.0,0.0,1.0,0.9753860831260681,1.0,1.0,0.937433123588562,1.0,1.0,1.0,1.0,1.0,0.9192135334014893,1.0,1.0,1.0,1.0,1.0,1.0,1.0,1.0,0.9717350006103516,1.0,0.9713888168334961,1.0,1.0,1.0,1.0,0.9733914136886597,0.9755072593688965,1.0,1.0,1.0,1.0,0.9299208521842957,1.0,0.9313157796859741,1.0,1.0,0.8785119652748108,1.0,0.9016630053520203,1.0,1.0,1.0,1.0,1.0,1.0,1.0,1.0,1.0,0.9814587831497192,1.0,1.0,0.9758806228637695,0.9806777834892273,1.0,0.9679567217826843,0.9181618690490723,1.0,1.0,1.0,0.9532345533370972,1.0,1.0,1.0,1.0,1.0,1.0,0.9776131510734558,0.9715046286582947,1.0,1.0,1.0,0.9188017845153809,1.0
row,1.0,1.0,1.0,0.7272378206253052,1.0,0.7755360007286072,1.0,1.0,0.9683186411857605,1.0,1.0,1.0,1.0,1.0,0.9470568895339966,0.961685836315155,1.0,1.0,1.0,1.0,1.0,1.0,1.0,0.9583935737609863,1.0,1.0,0.0,1.0,0.9610446691513062,1.0,1.0,1.0,1.0,1.0,1.0,1.0,1.0,1.0,1.0,1.0,1.0,0.9692328572273254,1.0,1.0,1.0,1.0,1.0,1.0,1.0,1.0,1.0,1.0,1.0,1.0,1.0,1.0,0.8893287777900696,0.9653444290161133,1.0,0.9248549938201904,1.0,1.0,1.0,1.0,1.0,1.0,1.0,1.0,1.0,1.0,1.0,1.0,1.0,1.0,1.0,1.0,1.0,1.0,1.0,1.0,1.0,0.9600384831428528,1.0,1.0,1.0,1.0,1.0,1.0,1.0,1.0,1.0,1.0,1.0,1.0,1.0,1.0,1.0,1.0,1.0,1.0
philosophy,1.0,1.0,1.0,1.0,1.0,1.0,1.0,1.0,1.0,0.9655399322509766,1.0,1.0,1.0,1.0,0.970490038394928,0.9150748252868652,1.0,0.979348361492157,0.9671396017074585,1.0,1.0,0.960392951965332,1.0,1.0,1.0,0.9753860831260681,1.0,0.0,0.9816226959228516,0.9848949313163757,1.0,0.9667543172836304,1.0,1.0,1.0,1.0,1.0,1.0,1.0,1.0,1.0,1.0,1.0,1.0,1.0,0.9833709001541138,1.0,0.953575611114502,1.0,1.0,1.0,1.0,1.0,0.9714999794960022,1.0,1.0,1.0,0.9836511611938477,1.0,0.9624186158180237,1.0,1.0,1.0,0.9797528386116028,0.9781382083892822,0.9787473082542419,1.0,0.9728701114654541,1.0,0.9633753895759583,1.0,1.0,1.0,1.0,1.0,1.0,1.0,0.9688711166381836,1.0,0.9831844568252563,1.0,1.0,1.0,1.0,1.0,1.0,1.0,1.0,1.0,1.0,1.0,1.0,1.0,0.9840927124023438,1.0,1.0,1.0,1.0,1.0,1.0
provision,0.9717456698417664,1.0,1.0,1.0,1.0,0.9670326113700867,1.0,1.0,0.967319667339325,0.9642522931098938,1.0,1.0,0.9324145317077637,1.0,0.8776673674583435,0.8086929321289062,0.9624077081680298,0.9737918972969055,1.0,1.0,1.0,1.0,1.0,0.9735933542251587,0.9862550497055054,1.0,0.9610446691513062,0.9816226959228516,0.0,0.8184993267059326,0.8847618103027344,1.0,1.0,1.0,1.0,0.8692570924758911,1.0,1.0,1.0,1.0,1.0,0.9804728031158447,1.0,0.9829989671707153,1.0,0.9788967370986938,1.0,1.0,1.0,1.0,1.0,1.0,1.0,1.0,1.0,1.0,1.0,0.8269609212875366,1.0,1.0,0.7643834352493286,1.0,1.0,1.0,0.9722561836242676,0.9684616327285767,0.9653167128562927,0.9427480697631836,0.9748182892799377,1.0,1.0,0.9709264039993286,0.9721046090126038,0.9883235096931458,1.0,1.0,1.0,0.9487622976303101,0.9823421239852905,0.9183833599090576,0.5848482251167297,0.9746373295783997,1.0,1.0,1.0,1.0,1.0,1.0,0.9722130298614502,1.0,0.8342663049697876,1.0,1.0,0.9889202117919922,1.0,0.9385810494422913,0.8650345802307129,1.0,1.0,1.0
prescription,0.9767765998840332,0.9735918641090393,1.0,1.0,1.0,1.0,1.0,1.0,0.9896658062934875,1.0,1.0,1.0,0.944448709487915,1.0,0.7823868989944458,0.9278922080993652,1.0,0.9569169282913208,1.0,1.0,0.936215877532959,1.0,1.0,1.0,0.9887024760246277,1.0,1.0,0.9848949313163757,0.8184993267059326,0.0,0.8399912118911743,1.0,1.0,1.0,1.0,0.852465033531189,1.0,0.9842923879623413,0.9838473200798035,1.0,1.0,1.0,1.0,0.9860261082649231,1.0,0.9662342667579651,0.9782058000564575,1.0,1.0,0.9482536315917969,1.0,1.0,1.0,0.9818464517593384,0.9823447465896606,1.0,1.0,0.9208540320396423,1.0,1.0,0.8960199356079102,1.0,0.9881282448768616,1.0,0.9771961569786072,1.0,1.0,0.9529423117637634,0.9793021082878113,1.0,1.0,0.9826083183288574,0.9770715832710266,0.9904026389122009,1.0,0.9862576127052307,1.0,0.9072434902191162,0.9854862689971924,0.8319182991981506,0.9076992273330688,1.0,0.9792191386222839,1.0,1.0,1.0,0.9662536382675171,1.0,1.0,1.0,0.8317007422447205,1.0,1.0,0.9796759486198425,0.9213635325431824,0.834941029548645,0.9107394814491272,1.0,0.9793816208839417,1.0
institution,0.9752628207206726,1.0,1.0,1.0,1.0,1.0,1.0,1.0,0.9889922142028809,1.0,1.0,0.9647358059883118,0.9408276677131653,0.8920063972473145,0.7148481607437134,1.0,1.0,1.0,1.0,1.0,0.9188738465309143,1.0,1.0,1.0,0.9879660606384277,0.937433123588562,1.0,1.0,0.8847618103027344,0.8399912118911743,0.0,1.0,1.0,1.0,1.0,0.8159316778182983,0.9362196922302246,0.9800518155097961,0.9655889272689819,1.0,1.0,1.0,1.0,0.9579954147338867,1.0,1.0,1.0,0.9524778723716736,0.9711642265319824,1.0,0.9485886693000793,0.9715281128883362,1.0,0.9806631803512573,1.0,1.0,1.0,0.9703372716903687,0.9446730017662048,1.0,0.8350166082382202,1.0,0.9747088551521301,1.0,1.0,0.9002972841262817,1.0,0.9800183773040771,0.9779529571533203,1.0,1.0,0.9723618626594543,0.9755770564079285,0.9897770285606384,1.0,0.9560855031013489,1.0,0.8458655476570129,0.965498149394989,0.9542357325553894,0.9016827344894409,1.0,0.9353893995285034,1.0,1.0,1.0,0.9851078987121582,1.0,1.0,1.0,0.8039400577545166,1.0,1.0,0.9498865008354187,1.0,0.8389809727668762,0.8516749143600464,1.0,0.9358946084976196,1.0
weblog,1.0,0.8010984659194946,1.0,1.0,1.0,1.0,1.0,1.0,1.0,1.0,1.0,1.0,1.0,1.0,1.0,1.0,1.0,1.0,1.0,1.0,1.0,1.0,1.0,1.0,1.0,1.0,1.0,0.9667543172836304,1.0,1.0,1.0,0.0,1.0,1.0,1.0,1.0,1.0,1.0,1.0,0.943579375743866,1.0,1.0,1.0,1.0,1.0,1.0,1.0,1.0,1.0,1.0,1.0,1.0,1.0,1.0,1.0,1.0,1.0,1.0,1.0,0.950062096118927,1.0,1.0,1.0,1.0,1.0,1.0,1.0,1.0,1.0,1.0,1.0,1.0,1.0,1.0,1.0,0.9697184562683105,1.0,1.0,0.960608184337616,0.9684429168701172,1.0,1.0,1.0,1.0,1.0,1.0,0.9691931009292603,1.0,1.0,1.0,1.0,1.0,1.0,1.0,1.0,1.0,1.0,1.0,1.0,1.0
fm,1.0,1.0,1.0,1.0,1.0,0.8881908655166626,1.0,1.0,1.0,1.0,1.0,1.0,1.0,1.0,1.0,1.0,1.0,1.0,1.0,1.0,1.0,1.0,1.0,1.0,1.0,1.0,1.0,1.0,1.0,1.0,1.0,1.0,0.0,1.0,1.0,1.0,1.0,1.0,1.0,1.0,1.0,1.0,1.0,1.0,1.0,1.0,1.0,1.0,1.0,1.0,1.0,1.0,1.0,1.0,0.9392521977424622,0.9274353981018066,1.0,1.0,1.0,0.9219317436218262,1.0,1.0,1.0,1.0,1.0,1.0,1.0,1.0,1.0,1.0,1.0,1.0,1.0,1.0,1.0,1.0,1.0,1.0,1.0,1.0,1.0,1.0,1.0,1.0,1.0,1.0,1.0,1.0,1.0,1.0,1.0,1.0,1.0,1.0,1.0,1.0,1.0,1.0,1.0,1.0
bound,0.9462893605232239,1.0,1.0,1.0,0.9568093419075012,1.0,0.8656775951385498,0.9673472046852112,1.0,1.0,0.8111585378646851,1.0,1.0,1.0,1.0,0.9764776825904846,1.0,1.0,1.0,1.0,1.0,0.9701666235923767,1.0,0.957438588142395,0.9671022295951843,1.0,1.0,1.0,1.0,1.0,1.0,1.0,1.0,0.0,1.0,1.0,0.9418333768844604,1.0,1.0,0.9532826542854309,1.0,0.5842742919921875,1.0,0.9593088626861572,1.0,1.0,1.0,1.0,1.0,1.0,1.0,0.9784877300262451,0.9481075406074524,1.0,1.0,1.0,1.0,1.0,0.9729955792427063,1.0,1.0,1.0,0.959850549697876,0.9748796224594116,1.0,1.0,1.0,0.865212082862854,1.0,1.0,1.0,1.0,1.0,0.9792011976242065,1.0,1.0,0.9755151271820068,1.0,1.0,1.0,1.0,0.5968862175941467,0.9684643745422363,1.0,1.0,1.0,1.0,1.0,1.0,1.0,1.0,0.960570752620697,1.0,1.0,1.0,1.0,1.0,0.978223979473114,0.9687109589576721,0.8205476999282837
alumni,1.0,1.0,1.0,1.0,1.0,1.0,1.0,1.0,0.9654005169868469,1.0,1.0,1.0,0.9711465835571289,1.0,0.9604593515396118,1.0,1.0,1.0,1.0,1.0,1.0,1.0,1.0,1.0,0.9767909049987793,1.0,1.0,1.0,1.0,1.0,1.0,1.0,1.0,1.0,0.0,1.0,1.0,1.0,0.973059356212616,1.0,0.9671726226806641,1.0,1.0,1.0,1.0,1.0,1.0,1.0,1.0,1.0,1.0,0.9765191674232483,1.0,1.0,0.9648425579071045,1.0,1.0,1.0,1.0,1.0,0.9591106176376343,1.0,1.0,1.0,0.9422697424888611,1.0,0.9711953997612,1.0,1.0,1.0,1.0,1.0,1.0,1.0,0.958153247833252,1.0,1.0,1.0,0.9514071345329285,1.0,1.0,1.0,1.0,1.0,1.0,1.0,1.0,0.9711018800735474,1.0,1.0,1.0,1.0,1.0,0.9726424217224121,1.0,1.0,0.9784092307090759,1.0,1.0,1.0
satisfaction,0.9771912693977356,1.0,1.0,1.0,1.0,1.0,1.0,1.0,0.9661144614219666,1.0,1.0,1.0,0.9454405903816223,1.0,0.8331735730171204,1.0,1.0,1.0,1.0,0.9797768592834473,1.0,0.9751027822494507,1.0,1.0,0.9889041781425476,1.0,1.0,1.0,0.8692570924758911,0.852465033531189,0.8159316778182983,1.0,1.0,1.0,1.0,0.0,1.0,1.0,0.9682714939117432,1.0,1.0,1.0,1.0,0.9862756133079529,0.9581693410873413,1.0,1.0,0.9817185401916504,0.9800421595573425,1.0,1.0,0.9830653071403503,1.0,1.0,1.0,1.0,1.0,0.9136769771575928,0.9815376400947571,1.0,0.8978766202926636,1.0,0.9402624368667603,0.9828256964683533,1.0,1.0,1.0,0.9815760850906372,0.9796717166900635,1.0,1.0,0.9765298962593079,0.9774810075759888,0.9534557461738586,1.0,0.973006010055542,0.9795662760734558,0.8956878185272217,0.9857454299926758,0.9718689322471619,0.8714264631271362,0.9795255661010742,1.0,0.9649553298950195,1.0,1.0,1.0,1.0,0.9603230953216553,1.0,0.7708696126937866,1.0,1.0,0.9690219759941101,1.0,0.8254945278167725,0.8524616956710815,1.0,1.0,1.0
indexed,1.0,1.0,1.0,1.0,1.0,1.0,0.9348581433296204,0.9719002842903137,1.0,0.9696654677391052,0.9362444877624512,1.0,1.0,0.9106736779212952,1.0,0.9065136909484863,0.9681001305580139,1.0,1.0,1.0,0.9306806325912476,0.9743266105651855,1.0,1.0,1.0,0.9192135334014893,1.0,1.0,1.0,1.0,0.9362196922302246,1.0,1.0,0.9418333768844604,1.0,1.0,0.0,1.0,1.0,1.0,1.0,0.8882603645324707,1.0,1.0,1.0,1.0,1.0,1.0,1.0,0.9723398685455322,1.0,0.9145023822784424,0.9190316200256348,0.9750322103500366,1.0,1.0,1.0,1.0,0.8251640796661377,1.0,0.9299837350845337,1.0,1.0,0.978382408618927,1.0,0.930245578289032,1.0,0.9346323609352112,1.0,1.0,1.0,1.0,1.0,0.9821013808250427,1.0,0.9810991883277893,0.9026880860328674,0.9648722410202026,0.9754128456115723,0.9803030490875244,1.0,0.9545774459838867,0.3078318238258362,1.0,0.9553454518318176,1.0,0.9807712435722351,1.0,1.0,1.0,0.9718508720397949,0.9660687446594238,0.9691423773765564,0.9799686074256897,1.0,1.0,1.0,0.9812604188919067,0.7974238991737366,1.0
committees,0.9578194618225098,1.0,0.9740631580352783,1.0,0.9177734851837158,0.9582709074020386,1.0,1.0,0.9902471899986267,0.9869847893714905,1.0,0.9651349186897278,1.0,1.0,0.9822385311126709,1.0,1.0,1.0,1.0,1.0,0.9454182982444763,1.0,0.9485142827033997,1.0,0.9893380403518677,1.0,1.0,1.0,1.0,0.9842923879623413,0.9800518155097961,1.0,1.0,1.0,1.0,1.0,1.0,0.0,1.0,1.0,1.0,1.0,0.9813815951347351,0.9093443155288696,1.0,0.949793815612793,0.9333618879318237,0.9791304469108582,0.9737430810928345,1.0,0.9749998450279236,0.9482311606407166,0.9805911779403687,0.9688851833343506,1.0,1.0,1.0,0.9766400456428528,1.0,0.985805869102478,1.0,1.0,0.946567177772522,1.0,0.9857341051101685,0.953040361404419,1.0,1.0,1.0,1.0,0.9583262205123901,0.9133946299552917,1.0,0.9564476609230042,0.9807761311531067,0.8408033847808838,0.9679605960845947,0.9701100587844849,1.0,1.0,1.0,1.0,0.9364601969718933,1.0,1.0,1.0,1.0,1.0,1.0,1.0,1.0,1.0,1.0,0.9331839680671692,0.9493846297264099,0.9655957221984863,0.9712366461753845,1.0,0.9369570016860962,1.0
antique,1.0,0.9686111211776733,1.0,1.0,0.9734045267105103,1.0,0.9645905494689941,1.0,1.0,1.0,0.9653441309928894,1.0,0.9717969298362732,1.0,0.9817352294921875,1.0,0.9739953875541687,0.9694730043411255,1.0,1.0,0.9741510152816772,1.0,1.0,1.0,0.9227412939071655,1.0,1.0,1.0,1.0,0.9838473200798035,0.9655889272689819,1.0,1.0,1.0,0.973059356212616,0.9682714939117432,1.0,1.0,0.0,0.971782922744751,0.8620713949203491,1.0,1.0,1.0,1.0,1.0,1.0,1.0,1.0,0.9774516224861145,1.0,0.977048397064209,1.0,1.0,1.0,1.0,1.0,0.9622476100921631,1.0,1.0,1.0,0.8987806439399719,0.9678114056587219,0.9780438542366028,1.0,0.9739888310432434,0.9795013070106506,1.0,0.9710869789123535,1.0,0.9696590304374695,1.0,1.0,1.0,0.9590964317321777,0.9827449917793274,1.0,0.9831094741821289,1.0,0.9191109538078308,1.0,1.0,1.0,0.9754524827003479,0.9751059412956238,1.0,1.0,0.9038037061691284,1.0,1.0,0.9802080392837524,1.0,1.0,0.9366434812545776,1.0,0.9797532558441162,0.9234088659286499,1.0,1.0,1.0
blank,0.9520665407180786,1.0,0.9346964955329895,1.0,1.0,1.0,0.9597762823104858,1.0,1.0,1.0,0.909426212310791,1.0,1.0,1.0,1.0,1.0,1.0,1.0,1.0,1.0,1.0,1.0,1.0,0.9620165824890137,0.9756912589073181,1.0,1.0,1.0,1.0,1.0,1.0,0.943579375743866,1.0,0.9532826542854309,1.0,1.0,1.0,1.0,0.971782922744751,0.0,0.965617299079895,1.0,1.0,1.0,1.0,1.0,1.0,1.0,1.0,1.0,1.0,1.0,1.0,1.0,1.0,1.0,1.0,1.0,1.0,1.0,1.0,0.9719520211219788,0.9678506851196289,0.9750586748123169,1.0,1.0,1.0,1.0,0.9671559929847717,1.0,1.0,1.0,1.0,1.0,1.0,1.0,1.0,1.0,1.0,1.0,1.0,1.0,1.0,1.0,1.0,1.0,1.0,0.9228121042251587,1.0,1.0,1.0,1.0,0.9532058238983154,1.0,1.0,1.0,1.0,1.0,1.0,0.9583317637443542
angle,1.0,0.9617523550987244,1.0,1.0,0.9675931930541992,1.0,0.9568532705307007,1.0,0.9689756035804749,1.0,0.9577715396881104,1.0,0.9656343460083008,1.0,1.0,1.0,0.9683132171630859,1.0,1.0,0.9590232372283936,1.0,1.0,1.0,1.0,0.905859649181366,1.0,1.0,1.0,1.0,1.0,1.0,1.0,1.0,1.0,0.9671726226806641,1.0,1.0,1.0,0.8620713949203491,0.965617299079895,0.0,1.0,1.0,1.0,1.0,1.0,1.0,1.0,1.0,0.9725245833396912,1.0,0.9720333218574524,1.0,1.0,1.0,1.0,1.0,0.9753012657165527,1.0,1.0,1.0,0.9307801723480225,0.9789412617683411,0.9732462763786316,1.0,1.0,1.0,1.0,0.9647692441940308,1.0,0.9630292654037476,1.0,1.0,1.0,0.9501586556434631,0.9330103993415833,1.0,1.0,0.9564281702041626,0.965094268321991,1.0,1.0,1.0,0.8667172193527222,0.9696664214134216,1.0,0.9659240245819092,0.7125829458236694,1.0,1.0,1.0,1.0,1.0,1.0,1.0,1.0,0.9742844104766846,1.0,1.0,1.0
underground,1.0,0.9730985760688782,1.0,1.0,0.9740324020385742,0.973962128162384,0.8948835730552673,0.9803680777549744,0.9841189980506897,0.9788066744804382,0.8971207141876221,1.0,1.0,1.0,1.0,0.9666517972946167,0.9777131080627441,1.0,1.0,0.9790245294570923,0.9814188480377197,0.9820632338523865,1.0,0.9582877159118652,0.9802207946777344,1.0,0.9692328572273254,1.0,0.9804728031158447,1.0,1.0,1.0,1.0,0.5842742919921875,1.0,1.0,0.8882603645324707,1.0,1.0,1.0,1.0,0.0,1.0,0.9755351543426514,1.0,1.0,1.0,1.0,1.0,0.9806751608848572,1.0,0.9870661497116089,0.9688006043434143,1.0,1.0,1.0,1.0,0.9826281666755676,0.9675281643867493,1.0,1.0,1.0,1.0,0.9697936773300171,1.0,1.0,0.985264778137207,0.8945192694664001,0.9563924074172974,1.0,1.0,1.0,1.0,0.97499018907547,1.0,1.0,0.9852789044380188,1.0,1.0,1.0,1.0,0.580848217010498,0.9032724499702454,1.0,1.0,0.9348286390304565,1.0,1.0,1.0,0.9737839698791504,0.9803335666656494,0.9762938618659973,0.9168042540550232,0.9860050082206726,1.0,1.0,1.0,0.9869075417518616,0.962376058101654,0.977120578289032
lbs,1.0,1.0,1.0,1.0,1.0,1.0,1.0,1.0,0.9825072884559631,0.9766557812690735,1.0,1.0,1.0,1.0,1.0,1.0,1.0,1.0,1.0,0.9397062659263611,0.9795330166816711,1.0,0.9668375849723816,1.0,0.980876624584198,1.0,1.0,1.0,1.0,1.0,1.0,1.0,1.0,1.0,1.0,1.0,1.0,0.9813815951347351,1.0,1.0,1.0,1.0,0.0,0.9763463735580444,1.0,0.9805370569229126,0.9741670489311218,1.0,1.0,1.0,0.955159604549408,1.0,1.0,0.9784823656082153,1.0,1.0,1.0,1.0,1.0,0.9745413661003113,1.0,1.0,1.0,1.0,0.9744126200675964,1.0,1.0,1.0,1.0,1.0,1.0,0.9793853759765625,1.0,1.0,0.7367330193519592,1.0,1.0,0.981513261795044,1.0,1.0,1.0,1.0,0.9753681421279907,1.0,1.0,1.0,1.0,1.0,1.0,1.0,1.0,0.9074594378471375,0.9380295276641846,1.0,0.9803784489631653,0.9778398871421814,0.9822100400924683,1.0,0.9755607843399048,1.0
coupons,1.0,1.0,0.9670486450195312,1.0,0.7486565113067627,1.0,1.0,1.0,0.9737830758094788,0.9834648966789246,1.0,1.0,0.9812086224555969,1.0,0.9841989278793335,0.9564177989959717,1.0,1.0,1.0,1.0,0.9855028986930847,1.0,0.9345902800559998,1.0,0.9437990188598633,1.0,1.0,1.0,0.9829989671707153,0.9860261082649231,0.9579954147338867,1.0,1.0,0.9593088626861572,1.0,0.9862756133079529,1.0,0.9093443155288696,1.0,1.0,1.0,0.9755351543426514,0.9763463735580444,0.0,1.0,0.9862140417098999,0.9817020893096924,1.0,1.0,1.0,0.828150749206543,1.0,0.9112091660499573,0.9847586750984192,1.0,1.0,1.0,1.0,1.0,0.9819672107696533,0.9836599230766296,1.0,0.9321166276931763,1.0,0.981876015663147,0.9703399538993835,1.0,0.8348671793937683,1.0,1.0,1.0,0.9853982925415039,1.0,0.9652963876724243,0.9755771160125732,0.9214200973510742,1.0,0.8461943864822388,0.980581521987915,1.0,0.9854952692985535,0.9682241082191467,0.9825528264045715,1.0,1.0,1.0,1.0,1.0,1.0,1.0,0.9828777313232422,1.0,1.0,0.9236750602722168,0.9861016869544983,0.7876200079917908,0.8519914150238037,1.0,0.9826892614364624,1.0
senator,0.9617371559143066,1.0,1.0,1.0,0.9645403623580933,1.0,1.0,1.0,1.0,1.0,1.0,1.0,1.0,1.0,1.0,0.970121443271637,1.0,0.9680984020233154,1.0,0.9443391561508179,1.0,0.9667373299598694,1.0,0.9715202450752258,1.0,1.0,1.0,1.0,1.0,1.0,1.0,1.0,1.0,1.0,1.0,0.9581693410873413,1.0,1.0,1.0,1.0,1.0,1.0,1.0,1.0,0.0,0.9725112915039062,1.0,0.9755759835243225,0.9733363389968872,0.9699363112449646,1.0,0.945422351360321,0.9758176207542419,1.0,1.0,0.9706635475158691,0.9481942057609558,1.0,0.6758595108985901,1.0,1.0,1.0,0.957878828048706,0.8020837306976318,1.0,0.9728175401687622,0.9785782694816589,1.0,0.9635074138641357,0.9362722039222717,1.0,1.0,0.9595747590065002,0.7544650435447693,1.0,1.0,0.9727005958557129,1.0,1.0,0.9740241765975952,0.977250337600708,0.972646176815033,1.0,1.0,0.9668089151382446,1.0,1.0,1.0,0.9769600629806519,1.0,0.9746679663658142,1.0,0.9705607891082764,0.9796543717384338,1.0,0.9740859270095825,1.0,1.0,1.0,0.9687573909759521
purchases,1.0,1.0,1.0,1.0,0.9404982924461365,1.0,0.9463598132133484,1.0,0.9898048043251038,0.9863944053649902,1.0,1.0,1.0,0.9552921056747437,0.9814328551292419,0.9541757702827454,1.0,0.9762849807739258,1.0,1.0,0.9690619707107544,1.0,0.9806721210479736,1.0,0.9888544082641602,0.9717350006103516,1.0,0.9833709001541138,0.9788967370986938,0.9662342667579651,1.0,1.0,1.0,1.0,1.0,1.0,1.0,0.949793815612793,1.0,1.0,1.0,1.0,0.9805370569229126,0.9862140417098999,0.9725112915039062,0.0,0.9303391575813293,1.0,1.0,0.8975342512130737,0.9738658666610718,1.0,0.9782883524894714,0.9674738049507141,1.0,1.0,1.0,0.9812260270118713,1.0,0.985162079334259,1.0,1.0,1.0,1.0,0.8671319484710693,1.0,1.0,0.9688458442687988,1.0,1.0,1.0,0.9444108605384827,1.0,0.9807493686676025,0.9799041152000427,1.0,1.0,0.989225447177887,1.0,0.9806901216506958,1.0,0.9738538861274719,0.9335780143737793,1.0,0.9721524715423584,1.0,0.9772325754165649,1.0,0.9619030952453613,1.0,1.0,1.0,1.0,1.0,0.8905762434005737,0.9870845079421997,0.9896315932273865,0.9668015837669373,0.934097409248352,1.0
jokes,1.0,1.0,1.0,1.0,1.0,1.0,1.0,1.0,0.9864680171012878,0.9819414615631104,1.0,1.0,1.0,1.0,0.9753559827804565,1.0,1.0,1.0,1.0,1.0,0.9589362740516663,1.0,0.9743462800979614,1.0,0.9852065443992615,1.0,1.0,1.0,1.0,0.9782058000564575,1.0,1.0,1.0,1.0,1.0,1.0,1.0,0.9333618879318237,1.0,1.0,1.0,1.0,0.9741670489311218,0.9817020893096924,1.0,0.9303391575813293,0.0,1.0,1.0,1.0,0.9653124213218689,1.0,1.0,0.9568283557891846,1.0,1.0,1.0,1.0,1.0,0.9803057312965393,1.0,1.0,1.0,1.0,0.9802061915397644,1.0,1.0,1.0,1.0,1.0,1.0,0.7674965262413025,1.0,1.0,0.9733269810676575,1.0,1.0,0.9856990575790405,1.0,1.0,1.0,1.0,0.9118388295173645,1.0,1.0,1.0,1.0,1.0,1.0,1.0,1.0,1.0,1.0,1.0,0.9297714233398438,0.9828574061393738,0.9862381219863892,1.0,0.9125282168388367,1.0
stability,1.0,1.0,0.9663260579109192,1.0,1.0,1.0,1.0,1.0,1.0,1.0,1.0,0.9631070494651794,1.0,1.0,1.0,1.0,1.0,1.0,0.961803138256073,1.0,0.9712923765182495,0.9370902180671692,1.0,1.0,1.0,0.9713888168334961,1.0,0.953575611114502,1.0,1.0,0.9524778723716736,1.0,1.0,1.0,1.0,0.9817185401916504,1.0,0.9791304469108582,1.0,1.0,1.0,1.0,1.0,1.0,0.9755759835243225,1.0,1.0,0.0,0.9050898551940918,1.0,1.0,1.0,1.0,0.9668716192245483,1.0,0.9694308042526245,1.0,1.0,1.0,1.0,1.0,1.0,0.9720052480697632,0.9764646887779236,1.0,0.8108513355255127,0.97501140832901,1.0,1.0,0.9574275612831116,1.0,0.8989981412887573,1.0,0.9828956127166748,0.9408355355262756,1.0,0.9768151044845581,0.9430938959121704,1.0,1.0,0.9806790947914124,0.9767689108848572,1.0,0.9643225073814392,1.0,1.0,1.0,1.0,1.0,1.0,1.0,0.9541910886764526,1.0,0.7781669497489929,1.0,1.0,0.9800590872764587,1.0,1.0,1.0
stewart,1.0,1.0,1.0,1.0,1.0,1.0,1.0,1.0,1.0,1.0,1.0,0.9496012926101685,1.0,0.9596145749092102,1.0,1.0,1.0,0.9177098870277405,1.0,1.0,0.9397960901260376,0.9691601395606995,1.0,1.0,1.0,1.0,1.0,1.0,1.0,1.0,0.9711642265319824,1.0,1.0,1.0,1.0,0.9800421595573425,1.0,0.9737430810928345,1.0,1.0,1.0,1.0,1.0,1.0,0.9733363389968872,1.0,1.0,0.9050898551940918,0.0,1.0,1.0,0.9727151989936829,1.0,1.0,0.8730087280273438,1.0,1.0,0.9730146527290344,1.0,1.0,1.0,0.9662129282951355,1.0,1.0,1.0,0.9709550142288208,1.0,1.0,1.0,1.0,1.0,0.9684338569641113,1.0,0.9813271760940552,1.0,1.0,0.9746890664100647,1.0,1.0,1.0,0.9789074063301086,0.9746386408805847,1.0,1.0,1.0,1.0,1.0,1.0,1.0,1.0,1.0,1.0,1.0,1.0,1.0,1.0,1.0,0.9633134007453918,1.0,1.0
decrease,1.0,0.9381046295166016,1.0,1.0,0.8954135775566101,1.0,1.0,0.9554961323738098,0.9675697088241577,0.9734445214271545,1.0,1.0,1.0,1.0,0.9785490036010742,0.9725834727287292,0.8607909083366394,0.974063515663147,1.0,0.9649864435195923,0.9780380725860596,1.0,1.0,1.0,1.0,1.0,1.0,1.0,1.0,0.9482536315917969,1.0,1.0,1.0,1.0,1.0,1.0,0.9723398685455322,1.0,0.9774516224861145,1.0,0.9725245833396912,0.9806751608848572,1.0,1.0,0.9699363112449646,0.8975342512130737,1.0,1.0,1.0,0.0,1.0,1.0,1.0,1.0,0.9787427186965942,1.0,1.0,0.945088267326355,1.0,1.0,1.0,1.0,0.9834275841712952,1.0,1.0,1.0,1.0,1.0,1.0,1.0,0.9709054827690125,1.0,1.0,0.9789460897445679,1.0,1.0,1.0,1.0,1.0,0.978881299495697,1.0,1.0,0.9719797968864441,0.9764609336853027,0.9021044373512268,1.0,1.0,1.0,0.9672263860702515,1.0,0.8991631269454956,1.0,0.97298663854599,0.9824641346931458,0.7724114656448364,0.7667455077171326,1.0,1.0,1.0,1.0
ns,1.0,1.0,1.0,1.0,1.0,1.0,1.0,1.0,0.9765113592147827,0.968654215335846,1.0,1.0,1.0,1.0,1.0,1.0,1.0,1.0,1.0,1.0,0.9725176692008972,1.0,0.9554706811904907,1.0,0.9743217825889587,1.0,1.0,1.0,1.0,1.0,0.9485886693000793,1.0,1.0,1.0,1.0,1.0,1.0,0.9749998450279236,1.0,1.0,1.0,1.0,0.955159604549408,0.828150749206543,1.0,0.9738658666610718,0.9653124213218689,1.0,1.0,1.0,0.0,1.0,1.0,0.9711068868637085,1.0,1.0,1.0,1.0,1.0,0.965815007686615,1.0,1.0,1.0,1.0,0.9656422138214111,0.9437731504440308,1.0,1.0,1.0,0.876815676689148,1.0,0.9723194241523743,1.0,1.0,0.953701376914978,1.0,1.0,0.8656896352767944,1.0,1.0,1.0,1.0,0.9669252634048462,1.0,1.0,1.0,1.0,1.0,1.0,1.0,1.0,1.0,1.0,1.0,0.9736528396606445,0.8390014171600342,0.8707518577575684,1.0,0.9671838283538818,1.0
automated,1.0,1.0,1.0,1.0,1.0,0.9566373825073242,0.9759080410003662,0.9776415824890137,1.0,1.0,0.9764207601547241,1.0,0.9353580474853516,0.9601242542266846,0.9697753190994263,0.925614595413208,1.0,1.0,1.0,0.977466344833374,0.9740357398986816,0.9795721173286438,1.0,1.0,0.9802274107933044,1.0,1.0,1.0,1.0,1.0,0.9715281128883362,1.0,1.0,0.9784877300262451,0.9765191674232483,0.9830653071403503,0.9145023822784424,0.9482311606407166,0.977048397064209,1.0,0.9720333218574524,0.9870661497116089,1.0,1.0,0.945422351360321,1.0,1.0,1.0,0.9727151989936829,1.0,1.0,0.0,0.9355748891830444,1.0,1.0,1.0,1.0,0.975725531578064,0.9503748416900635,1.0,1.0,1.0,0.9840880036354065,0.9207744002342224,1.0,0.9738727807998657,1.0,0.9758245348930359,1.0,1.0,1.0,1.0,1.0,0.9776229858398438,0.9643494486808777,0.9714463353157043,0.9225706458091736,1.0,1.0,1.0,1.0,0.9832009673118591,1.0,1.0,1.0,1.0,1.0,0.9753807783126831,0.9807842373847961,1.0,0.9788725972175598,0.9730014801025391,1.0,1.0,1.0,0.9783871173858643,0.981606125831604,0.9850892424583435,1.0,1.0
encouraged,0.9697785377502441,1.0,1.0,1.0,0.7863443493843079,1.0,0.9771842956542969,0.9788259863853455,0.9771814942359924,1.0,0.9776698350906372,1.0,1.0,1.0,1.0,0.9295551180839539,1.0,0.9748028516769409,1.0,1.0,1.0,0.9806542992591858,1.0,1.0,0.978667140007019,0.9733914136886597,1.0,1.0,1.0,1.0,1.0,1.0,1.0,0.9481075406074524,1.0,1.0,0.9190316200256348,0.9805911779403687,1.0,1.0,1.0,0.9688006043434143,1.0,0.9112091660499573,0.9758176207542419,0.9782883524894714,1.0,1.0,1.0,1.0,1.0,0.9355748891830444,0.0,1.0,1.0,1.0,1.0,1.0,1.0,1.0,0.9623692631721497,0.971217155456543,0.9532943964004517,1.0,1.0,0.97853022813797,0.983080267906189,0.9771052002906799,1.0,1.0,1.0,1.0,1.0,0.9830648303031921,1.0,0.9803125858306885,0.9266723990440369,0.9758849143981934,1.0,0.9794833064079285,1.0,0.9348630905151367,1.0,1.0,0.9693447351455688,1.0,0.9785668253898621,1.0,1.0,1.0,1.0,0.9744317531585693,1.0,0.9678605198860168,0.9781113862991333,1.0,1.0,0.985879123210907,1.0,1.0
illness,1.0,1.0,1.0,1.0,1.0,1.0,1.0,1.0,0.9887285232543945,0.9849580526351929,1.0,1.0,1.0,0.9729181528091431,0.9794727563858032,1.0,1.0,1.0,1.0,1.0,0.9447796940803528,1.0,0.9786316752433777,1.0,0.9876777529716492,0.9755072593688965,1.0,0.9714999794960022,1.0,0.9818464517593384,0.9806631803512573,1.0,1.0,1.0,1.0,1.0,0.9750322103500366,0.9688851833343506,1.0,1.0,1.0,1.0,0.9784823656082153,0.9847586750984192,1.0,0.9674738049507141,0.9568283557891846,0.9668716192245483,1.0,1.0,0.9711068868637085,1.0,1.0,0.0,0.9628735780715942,1.0,1.0,1.0,0.9783414006233215,0.983595609664917,0.9787725210189819,1.0,0.9694243669509888,1.0,0.9835126996040344,0.9788519144058228,1.0,1.0,1.0,0.9535027146339417,0.9387695789337158,0.9655491709709167,1.0,1.0,0.977782666683197,1.0,1.0,0.9880880117416382,1.0,1.0,1.0,1.0,0.933542788028717,1.0,1.0,1.0,1.0,1.0,1.0,1.0,1.0,1.0,1.0,1.0,0.9672086834907532,0.9857210516929626,0.9885369539260864,1.0,0.9340624809265137,1.0
firewall,1.0,0.9704084396362305,1.0,1.0,1.0,1.0,1.0,1.0,1.0,1.0,1.0,1.0,1.0,1.0,0.980036199092865,1.0,1.0,0.9758617281913757,1.0,1.0,0.9795607328414917,1.0,1.0,1.0,1.0,1.0,1.0,1.0,1.0,0.9823447465896606,1.0,1.0,0.9392521977424622,1.0,0.9648425579071045,1.0,1.0,1.0,1.0,1.0,1.0,1.0,1.0,1.0,1.0,1.0,1.0,1.0,0.8730087280273438,0.9787427186965942,1.0,1.0,1.0,0.9628735780715942,0.0,0.9633657336235046,1.0,1.0,1.0,0.960587203502655,1.0,1.0,0.9718503952026367,1.0,1.0,1.0,0.9468688368797302,1.0,1.0,0.9522898197174072,1.0,1.0,1.0,1.0,1.0,1.0,1.0,1.0,1.0,0.9803454875946045,1.0,1.0,1.0,1.0,1.0,1.0,1.0,1.0,1.0,1.0,1.0,1.0,1.0,0.9457959532737732,0.9608099460601807,0.9778698682785034,1.0,1.0,1.0,1.0
flickr,1.0,1.0,0.684420108795166,1.0,1.0,1.0,1.0,1.0,0.9747973084449768,1.0,1.0,1.0,1.0,1.0,1.0,1.0,0.9646313190460205,1.0,1.0,0.9707816243171692,1.0,0.9583683013916016,1.0,0.970947802066803,1.0,1.0,1.0,1.0,1.0,1.0,1.0,1.0,0.9274353981018066,1.0,1.0,1.0,1.0,1.0,1.0,1.0,1.0,1.0,1.0,1.0,0.9706635475158691,1.0,1.0,0.9694308042526245,1.0,1.0,1.0,1.0,1.0,1.0,0.9633657336235046,0.0,0.9471529126167297,1.0,0.9429364204406738,0.8332149386405945,1.0,1.0,1.0,1.0,1.0,1.0,1.0,1.0,1.0,1.0,1.0,1.0,1.0,0.9560496211051941,1.0,1.0,1.0,1.0,1.0,1.0,1.0,1.0,1.0,0.9522392749786377,1.0,1.0,1.0,1.0,1.0,1.0,1.0,0.9449775218963623,0.9699690937995911,0.976081132888794,1.0,1.0,1.0,1.0,0.9647891521453857,0.9681294560432434
rr,1.0,1.0,1.0,1.0,1.0,0.9063403010368347,1.0,1.0,1.0,1.0,1.0,1.0,1.0,1.0,0.9347171783447266,1.0,1.0,1.0,1.0,0.9484026432037354,1.0,1.0,1.0,0.9486961960792542,1.0,1.0,0.8893287777900696,1.0,1.0,1.0,1.0,1.0,1.0,1.0,1.0,1.0,1.0,1.0,1.0,1.0,1.0,1.0,1.0,1.0,0.9481942057609558,1.0,1.0,1.0,1.0,1.0,1.0,1.0,1.0,1.0,1.0,0.9471529126167297,0.0,1.0,0.9528951644897461,1.0,1.0,1.0,1.0,1.0,1.0,1.0,1.0,1.0,1.0,1.0,1.0,1.0,1.0,0.9637198448181152,1.0,1.0,1.0,1.0,1.0,1.0,1.0,0.919693648815155,1.0,1.0,1.0,1.0,0.9300711750984192,1.0,1.0,1.0,1.0,1.0,0.9469677805900574,1.0,1.0,1.0,1.0,1.0,1.0,0.9437191486358643
protective,1.0,0.9729424715042114,1.0,1.0,0.9770744442939758,0.9706714153289795,1.0,1.0,0.8935473561286926,1.0,1.0,1.0,1.0,1.0,0.9842555522918701,0.8298087120056152,0.9775837659835815,0.9766846299171448,1.0,1.0,0.9743207097053528,1.0,1.0,0.8945499658584595,1.0,1.0,0.9653444290161133,0.9836511611938477,0.8269609212875366,0.9208540320396423,0.9703372716903687,1.0,1.0,1.0,1.0,0.9136769771575928,1.0,0.9766400456428528,0.9622476100921631,1.0,0.9753012657165527,0.9826281666755676,1.0,1.0,1.0,0.9812260270118713,1.0,1.0,0.9730146527290344,0.945088267326355,1.0,0.975725531578064,1.0,1.0,1.0,1.0,1.0,0.0,1.0,1.0,1.0,1.0,0.7655911445617676,1.0,0.975318431854248,0.9741595387458801,0.975729763507843,0.9693709015846252,1.0,1.0,0.9738457798957825,1.0,1.0,0.9757075309753418,1.0,0.9851260185241699,1.0,0.985440194606781,1.0,0.8824615478515625,0.969417154788971,0.9774367809295654,1.0,0.9788397550582886,0.9785410761833191,1.0,1.0,1.0,1.0,1.0,0.9829391241073608,1.0,1.0,0.9878591895103455,1.0,0.9825471043586731,0.985988974571228,1.0,1.0,0.9580000042915344
indicator,1.0,1.0,0.9665243029594421,1.0,1.0,1.0,0.9697573184967041,1.0,0.9775357842445374,1.0,0.9704009294509888,1.0,1.0,0.9225128293037415,1.0,1.0,0.9684743881225586,1.0,1.0,0.9493899345397949,0.9398680925369263,1.0,1.0,0.9741045832633972,1.0,0.9299208521842957,1.0,1.0,1.0,1.0,0.9446730017662048,1.0,1.0,0.9729955792427063,1.0,0.9815376400947571,0.8251640796661377,1.0,1.0,1.0,1.0,0.9675281643867493,1.0,1.0,0.6758595108985901,1.0,1.0,1.0,1.0,1.0,1.0,0.9503748416900635,1.0,0.9783414006233215,1.0,0.9429364204406738,0.9528951644897461,1.0,0.0,1.0,0.9392635226249695,1.0,0.961700975894928,0.8012906312942505,1.0,0.9394907355308533,1.0,0.9696524739265442,0.9668188095092773,1.0,1.0,1.0,0.9632430076599121,0.8135742545127869,1.0,0.9836042523384094,1.0,1.0,0.9786715507507324,0.982913613319397,0.9697521328926086,0.9789121747016907,0.8228880763053894,1.0,1.0,1.0,0.9833198189735413,1.0,0.9465750455856323,1.0,0.9769666790962219,1.0,0.9732321500778198,1.0,1.0,0.9764373898506165,1.0,1.0,0.5477520227432251,0.9715924263000488
flows,1.0,1.0,1.0,0.9375551342964172,1.0,1.0,1.0,1.0,0.9866640567779541,0.9822030663490295,1.0,1.0,1.0,1.0,1.0,1.0,1.0,1.0,1.0,1.0,0.9843965768814087,1.0,0.9747179746627808,1.0,0.9854209423065186,1.0,0.9248549938201904,0.9624186158180237,1.0,1.0,1.0,0.950062096118927,0.9219317436218262,1.0,1.0,1.0,1.0,0.985805869102478,1.0,1.0,1.0,1.0,0.9745413661003113,0.9819672107696533,1.0,0.985162079334259,0.9803057312965393,1.0,1.0,1.0,0.965815007686615,1.0,1.0,0.983595609664917,0.960587203502655,0.8332149386405945,1.0,1.0,1.0,0.0,1.0,1.0,1.0,1.0,0.9804929494857788,1.0,1.0,1.0,1.0,1.0,1.0,0.9842840433120728,1.0,1.0,0.9737134575843811,1.0,1.0,0.9859063029289246,1.0,1.0,1.0,1.0,0.9812214374542236,1.0,1.0,1.0,1.0,1.0,1.0,1.0,1.0,1.0,1.0,1.0,0.9850411415100098,0.9831057786941528,0.9864374995231628,1.0,0.9813682436943054,1.0
inclusion,0.9728441834449768,1.0,0.9464625716209412,1.0,1.0,1.0,1.0,1.0,0.9879159331321716,1.0,1.0,1.0,0.9350422620773315,0.9240552186965942,0.8464298844337463,1.0,1.0,1.0,1.0,1.0,0.9410650730133057,1.0,1.0,1.0,0.9523576498031616,0.9313157796859741,1.0,1.0,0.7643834352493286,0.8960199356079102,0.8350166082382202,1.0,1.0,1.0,0.9591106176376343,0.8978766202926636,0.9299837350845337,1.0,1.0,1.0,1.0,1.0,1.0,0.9836599230766296,1.0,1.0,1.0,1.0,1.0,1.0,1.0,1.0,0.9623692631721497,0.9787725210189819,1.0,1.0,1.0,1.0,0.9392635226249695,1.0,0.0,1.0,1.0,1.0,1.0,0.9103829860687256,1.0,0.978064775466919,0.9757973551750183,1.0,1.0,1.0,0.9731891751289368,0.9887775182723999,1.0,0.9839306473731995,1.0,0.9507544040679932,0.962124764919281,0.9832537174224854,0.7989801168441772,1.0,0.9290722608566284,1.0,0.957687258720398,1.0,0.9836518168449402,1.0,1.0,1.0,0.8725925087928772,1.0,1.0,0.9893510341644287,1.0,0.9409690499305725,0.92642742395401,1.0,0.9296268224716187,1.0
elegant,1.0,1.0,1.0,1.0,1.0,1.0,0.9648026823997498,1.0,0.7938262224197388,1.0,0.9655517339706421,0.9482958316802979,1.0,0.9585684537887573,1.0,1.0,1.0,0.8786991834640503,1.0,0.9665728807449341,0.9743059277534485,1.0,1.0,1.0,0.9787288904190063,1.0,1.0,1.0,1.0,1.0,1.0,1.0,1.0,1.0,1.0,1.0,1.0,1.0,0.8987806439399719,0.9719520211219788,0.9307801723480225,1.0,1.0,1.0,1.0,1.0,1.0,1.0,0.9662129282951355,1.0,1.0,1.0,0.971217155456543,1.0,1.0,1.0,1.0,1.0,1.0,1.0,1.0,0.0,1.0,0.9781754016876221,1.0,0.9741446375846863,0.9796241521835327,1.0,0.8579795360565186,1.0,1.0,1.0,1.0,1.0,1.0,0.9726763367652893,1.0,0.970958948135376,1.0,0.9752923846244812,1.0,1.0,1.0,0.9664729833602905,0.9630828499794006,1.0,1.0,0.973514974117279,1.0,1.0,1.0,1.0,1.0,0.9806477427482605,1.0,1.0,1.0,1.0,1.0,1.0
collaborative,1.0,0.9769300818443298,0.977272093296051,1.0,0.9083999395370483,1.0,1.0,1.0,1.0,1.0,1.0,1.0,1.0,1.0,0.9610884785652161,1.0,0.9808874130249023,1.0,1.0,0.9809980988502502,1.0,0.9657918214797974,0.9710859060287476,1.0,1.0,1.0,1.0,1.0,1.0,0.9881282448768616,0.9747088551521301,1.0,1.0,0.959850549697876,1.0,0.9402624368667603,1.0,0.946567177772522,0.9678114056587219,0.9678506851196289,0.9789412617683411,1.0,1.0,0.9321166276931763,0.957878828048706,1.0,1.0,0.9720052480697632,1.0,0.9834275841712952,1.0,0.9840880036354065,0.9532943964004517,0.9694243669509888,0.9718503952026367,1.0,1.0,0.7655911445617676,0.961700975894928,1.0,1.0,1.0,0.0,0.964372992515564,1.0,1.0,0.9793066382408142,1.0,0.974334716796875,1.0,0.9777002930641174,1.0,0.9715688824653625,0.9687833189964294,0.951005220413208,0.9331183433532715,1.0,0.9875859618186951,1.0,0.9616912603378296,0.9739243388175964,1.0,1.0,0.981958270072937,0.9817036390304565,1.0,1.0,0.9392843842506409,0.9837960004806519,1.0,0.940018892288208,1.0,0.9697239398956299,0.9454081654548645,1.0,0.9193193912506104,0.9880538582801819,1.0,1.0,0.9641898274421692
mandatory,1.0,1.0,1.0,1.0,1.0,1.0,0.8864927291870117,1.0,1.0,1.0,0.8889083862304688,1.0,0.959372341632843,1.0,1.0,1.0,1.0,1.0,0.9619588255882263,0.9771474599838257,1.0,1.0,1.0,1.0,0.9810850024223328,0.8785119652748108,1.0,0.9797528386116028,1.0,1.0,1.0,1.0,1.0,0.9748796224594116,1.0,0.9828256964683533,0.978382408618927,1.0,0.9780438542366028,0.9750586748123169,0.9732462763786316,0.9697936773300171,1.0,1.0,0.8020837306976318,1.0,1.0,0.9764646887779236,1.0,1.0,1.0,0.9207744002342224,1.0,1.0,1.0,1.0,1.0,1.0,0.8012906312942505,1.0,1.0,0.9781754016876221,0.964372992515564,0.0,1.0,0.9753965735435486,1.0,0.9717697501182556,0.9435773491859436,1.0,1.0,0.9598153829574585,0.9658074975013733,0.9185466766357422,1.0,1.0,1.0,1.0,1.0,1.0,1.0,0.9803833961486816,0.9781010150909424,1.0,1.0,1.0,1.0,0.9764485359191895,0.9805123209953308,1.0,0.9785736203193665,1.0,1.0,0.9815847873687744,1.0,0.9780813455581665,1.0,1.0,0.9782721996307373,1.0
pumps,1.0,1.0,1.0,1.0,1.0,1.0,1.0,1.0,0.9865966439247131,0.9821131229400635,1.0,1.0,1.0,0.9412238001823425,1.0,0.9727127552032471,1.0,0.9688225388526917,1.0,1.0,0.9843177199363708,1.0,0.9745901226997375,1.0,0.9853472113609314,1.0,1.0,0.9781382083892822,0.9722561836242676,0.9771961569786072,1.0,1.0,1.0,1.0,0.9422697424888611,1.0,1.0,0.9857341051101685,1.0,1.0,1.0,1.0,0.9744126200675964,0.981876015663147,1.0,0.8671319484710693,0.9802061915397644,1.0,1.0,1.0,0.9656422138214111,1.0,1.0,0.9835126996040344,1.0,1.0,1.0,0.975318431854248,1.0,0.9804929494857788,1.0,1.0,1.0,1.0,0.0,1.0,1.0,0.959042489528656,1.0,1.0,1.0,0.9842045903205872,1.0,1.0,0.973580539226532,0.9519912004470825,1.0,0.9858350157737732,1.0,0.9746138453483582,1.0,1.0,0.9811264872550964,1.0,1.0,1.0,1.0,1.0,1.0,1.0,1.0,1.0,1.0,1.0,0.9849655032157898,0.9830203652381897,0.9863688945770264,1.0,0.9812740683555603,1.0
intensity,0.9660292863845825,1.0,1.0,1.0,1.0,1.0,1.0,1.0,1.0,1.0,1.0,0.961432695388794,1.0,0.9243392944335938,1.0,1.0,1.0,0.9433538317680359,0.9600695967674255,1.0,0.7221507430076599,1.0,1.0,1.0,1.0,0.9016630053520203,1.0,0.9787473082542419,0.9684616327285767,1.0,0.9002972841262817,1.0,1.0,1.0,1.0,1.0,0.930245578289032,0.953040361404419,0.9739888310432434,1.0,1.0,1.0,1.0,0.9703399538993835,0.9728175401687622,1.0,1.0,0.8108513355255127,0.9709550142288208,1.0,0.9437731504440308,0.9738727807998657,0.97853022813797,0.9788519144058228,1.0,1.0,1.0,0.9741595387458801,0.9394907355308533,1.0,0.9103829860687256,0.9741446375846863,1.0,0.9753965735435486,1.0,0.0,0.9619624614715576,1.0,1.0,1.0,1.0,1.0,1.0,1.0,1.0,0.9839907288551331,1.0,0.9551565647125244,0.9791743159294128,0.9371923804283142,0.9730925559997559,1.0,0.9293375015258789,1.0,1.0,1.0,0.9837129712104797,1.0,1.0,1.0,1.0,1.0,1.0,0.8158736824989319,1.0,0.9722126722335815,0.8943608999252319,1.0,0.9298900365829468,1.0
governmental,0.9732286334037781,0.9742977619171143,1.0,1.0,1.0,1.0,1.0,1.0,1.0,1.0,1.0,1.0,1.0,1.0,1.0,1.0,1.0,0.9247009754180908,0.9486513733863831,0.9799595475196838,0.9633469581604004,1.0,1.0,0.9800735712051392,1.0,1.0,1.0,1.0,0.9653167128562927,1.0,1.0,1.0,1.0,1.0,0.9711953997612,1.0,1.0,1.0,0.9795013070106506,1.0,1.0,0.985264778137207,1.0,1.0,0.9785782694816589,1.0,1.0,0.97501140832901,1.0,1.0,1.0,1.0,0.983080267906189,1.0,0.9468688368797302,1.0,1.0,0.975729763507843,1.0,1.0,1.0,0.9796241521835327,0.9793066382408142,1.0,1.0,0.9619624614715576,0.0,1.0,1.0,0.9609108567237854,1.0,0.9738529920578003,0.9538463950157166,1.0,1.0,1.0,1.0,1.0,1.0,0.9137248396873474,1.0,1.0,1.0,0.970607578754425,1.0,1.0,1.0,0.9616049528121948,1.0,0.9749526381492615,1.0,1.0,0.9794023036956787,0.9324248433113098,1.0,1.0,1.0,1.0,1.0,0.9781404733657837
pond,1.0,1.0,1.0,1.0,1.0,1.0,0.8490486145019531,0.9633048176765442,0.9814389944076538,1.0,0.8522611856460571,1.0,0.9747740030288696,1.0,0.9787882566452026,0.8811972737312317,1.0,0.9613096714019775,1.0,1.0,1.0,0.9664732813835144,1.0,1.0,0.979708731174469,1.0,1.0,0.9728701114654541,0.9427480697631836,0.9529423117637634,0.9800183773040771,1.0,1.0,0.865212082862854,1.0,0.9815760850906372,0.9346323609352112,1.0,1.0,1.0,1.0,0.8945192694664001,1.0,0.8348671793937683,1.0,0.9688458442687988,1.0,1.0,1.0,1.0,1.0,0.9758245348930359,0.9771052002906799,1.0,1.0,1.0,1.0,0.9693709015846252,0.9696524739265442,1.0,0.978064775466919,1.0,1.0,0.9717697501182556,0.959042489528656,1.0,1.0,0.0,1.0,1.0,1.0,1.0,1.0,0.9081398248672485,1.0,1.0,0.9724838733673096,0.9803842902183533,0.973932147026062,0.9684965014457703,0.9805285334587097,0.8947435617446899,0.9645602703094482,1.0,1.0,1.0,1.0,1.0,1.0,1.0,0.9770146608352661,0.9556894302368164,1.0,0.9836432337760925,1.0,0.9764865040779114,0.9811236262321472,0.9755281209945679,0.9648374319076538,1.0
organ,0.9660590887069702,1.0,1.0,1.0,1.0,1.0,0.9587842226028442,1.0,1.0,1.0,0.9596613645553589,1.0,0.9721665382385254,1.0,0.9765956997871399,1.0,1.0,1.0,1.0,1.0,1.0,1.0,1.0,1.0,0.9750916957855225,1.0,1.0,1.0,0.9748182892799377,0.9793021082878113,0.9779529571533203,1.0,1.0,1.0,1.0,0.9796717166900635,1.0,1.0,0.9710869789123535,0.9671559929847717,0.9647692441940308,0.9563924074172974,1.0,1.0,0.9635074138641357,1.0,1.0,1.0,1.0,1.0,1.0,1.0,1.0,1.0,1.0,1.0,1.0,1.0,0.9668188095092773,1.0,0.9757973551750183,0.8579795360565186,0.974334716796875,0.9435773491859436,1.0,1.0,1.0,1.0,0.0,1.0,1.0,1.0,0.9214638471603394,0.9744438529014587,1.0,1.0,1.0,1.0,1.0,1.0,0.9785158634185791,1.0,1.0,1.0,1.0,1.0,0.9506798982620239,0.9689862132072449,1.0,1.0,0.9746387600898743,1.0,1.0,1.0,1.0,1.0,1.0,1.0,1.0,1.0
nail,1.0,1.0,1.0,1.0,1.0,1.0,1.0,1.0,1.0,1.0,1.0,1.0,1.0,1.0,1.0,1.0,1.0,1.0,1.0,1.0,1.0,1.0,1.0,1.0,1.0,1.0,1.0,0.9633753895759583,1.0,1.0,1.0,1.0,1.0,1.0,1.0,1.0,1.0,1.0,1.0,1.0,1.0,1.0,1.0,1.0,0.9362722039222717,1.0,1.0,0.9574275612831116,1.0,1.0,0.876815676689148,1.0,1.0,0.9535027146339417,0.9522898197174072,1.0,1.0,1.0,1.0,1.0,1.0,1.0,1.0,1.0,1.0,1.0,0.9609108567237854,1.0,1.0,0.0,1.0,1.0,1.0,1.0,1.0,1.0,1.0,1.0,1.0,1.0,1.0,1.0,1.0,1.0,1.0,1.0,1.0,1.0,1.0,1.0,1.0,1.0,1.0,1.0,1.0,1.0,1.0,1.0,1.0,1.0
knee,0.9351097941398621,0.9594984650611877,1.0,0.7694705128669739,0.9656834602355957,1.0,1.0,1.0,1.0,1.0,1.0,0.9178929924964905,1.0,1.0,1.0,1.0,0.9664459228515625,1.0,1.0,1.0,1.0,1.0,1.0,1.0,1.0,1.0,1.0,1.0,1.0,1.0,1.0,1.0,1.0,1.0,1.0,1.0,1.0,0.9583262205123901,0.9696590304374695,1.0,0.9630292654037476,1.0,1.0,1.0,1.0,1.0,1.0,1.0,1.0,0.9709054827690125,1.0,1.0,1.0,0.9387695789337158,1.0,1.0,1.0,0.9738457798957825,1.0,1.0,1.0,1.0,0.9777002930641174,1.0,1.0,1.0,1.0,1.0,1.0,1.0,0.0,1.0,1.0,1.0,1.0,1.0,0.9507107734680176,1.0,1.0,1.0,1.0,1.0,1.0,0.9683259725570679,0.9678788781166077,1.0,1.0,1.0,1.0,1.0,1.0,1.0,1.0,1.0,1.0,1.0,1.0,1.0,1.0,1.0
mistakes,1.0,1.0,1.0,1.0,1.0,1.0,1.0,1.0,0.989201545715332,0.985589325428009,1.0,1.0,1.0,1.0,0.9803341627120972,1.0,1.0,1.0,1.0,1.0,0.9371928572654724,1.0,0.9795284271240234,1.0,0.9881948828697205,1.0,1.0,1.0,0.9709264039993286,0.9826083183288574,0.9723618626594543,1.0,1.0,1.0,1.0,0.9765298962593079,1.0,0.9133946299552917,1.0,1.0,1.0,1.0,0.9793853759765625,0.9853982925415039,1.0,0.9444108605384827,0.7674965262413025,0.8989981412887573,0.9684338569641113,1.0,0.9723194241523743,1.0,1.0,0.9655491709709167,1.0,1.0,1.0,1.0,1.0,0.9842840433120728,1.0,1.0,1.0,0.9598153829574585,0.9842045903205872,1.0,0.9738529920578003,1.0,1.0,1.0,1.0,0.0,1.0,0.9708320498466492,0.9787150025367737,1.0,1.0,0.9885879158973694,1.0,1.0,0.9751954078674316,1.0,0.92964768409729,0.9626686573028564,1.0,1.0,1.0,1.0,0.9733684659004211,1.0,1.0,1.0,1.0,1.0,0.9439578056335449,0.9863202571868896,0.9649714827537537,1.0,0.9301977753639221,1.0
horn,0.9624014496803284,1.0,1.0,1.0,1.0,1.0,0.9355179071426392,0.9401577115058899,1.0,1.0,1.0,1.0,0.9691669940948486,1.0,0.9740735292434692,1.0,1.0,1.0,1.0,1.0,1.0,1.0,1.0,1.0,1.0,1.0,1.0,1.0,0.9721046090126038,0.9770715832710266,0.9755770564079285,1.0,1.0,1.0,1.0,0.9774810075759888,1.0,1.0,1.0,1.0,1.0,1.0,1.0,1.0,0.9595747590065002,1.0,1.0,1.0,1.0,1.0,1.0,1.0,1.0,1.0,1.0,1.0,1.0,1.0,0.9632430076599121,1.0,0.9731891751289368,1.0,0.9715688824653625,0.9658074975013733,1.0,1.0,0.9538463950157166,1.0,0.9214638471603394,1.0,1.0,1.0,0.0,0.971689760684967,1.0,1.0,1.0,1.0,1.0,1.0,0.9762005805969238,1.0,1.0,1.0,1.0,1.0,1.0,1.0,1.0,0.9411560893058777,0.9719056487083435,1.0,1.0,1.0,1.0,1.0,1.0,0.9600914120674133,1.0,1.0
semiconductor,1.0,1.0,0.9742169976234436,1.0,0.9519613981246948,1.0,0.9767070412635803,1.0,0.9509942531585693,1.0,0.9772027730941772,1.0,0.9870939254760742,1.0,0.9891476631164551,0.9790757298469543,0.9757189750671387,1.0,1.0,0.9799412488937378,1.0,0.97670578956604,1.0,0.9800553321838379,0.9896185994148254,1.0,1.0,1.0,0.9883235096931458,0.9904026389122009,0.9897770285606384,1.0,1.0,0.9792011976242065,1.0,0.9534557461738586,0.9821013808250427,0.9564476609230042,1.0,1.0,1.0,0.97499018907547,1.0,0.9652963876724243,0.7544650435447693,0.9807493686676025,1.0,0.9828956127166748,0.9813271760940552,0.9789460897445679,1.0,0.9776229858398438,0.9830648303031921,1.0,1.0,0.9560496211051941,0.9637198448181152,0.9757075309753418,0.8135742545127869,1.0,0.9887775182723999,1.0,0.9687833189964294,0.9185466766357422,1.0,1.0,1.0,0.9081398248672485,0.9744438529014587,1.0,1.0,0.9708320498466492,0.971689760684967,0.0,1.0,0.9825441241264343,0.9453409910202026,0.9899642467498779,0.9866632223129272,1.0,0.9741061925888062,0.964601993560791,0.9818683862686157,1.0,0.9767559170722961,1.0,1.0,1.0,1.0,1.0,0.9882402420043945,1.0,0.9793834090232849,0.9525033831596375,1.0,0.9879700541496277,0.9903424978256226,1.0,0.9578374624252319,0.9781205058097839
abs,1.0,1.0,1.0,1.0,1.0,1.0,1.0,1.0,0.9819384217262268,0.9758966565132141,1.0,1.0,0.9561923146247864,1.0,1.0,1.0,1.0,1.0,1.0,1.0,0.9788674712181091,1.0,0.9657591581344604,1.0,0.9450166821479797,1.0,1.0,1.0,1.0,1.0,1.0,1.0,1.0,1.0,0.958153247833252,1.0,1.0,0.9807761311531067,0.9590964317321777,1.0,0.9501586556434631,1.0,0.7367330193519592,0.9755771160125732,1.0,0.9799041152000427,0.9733269810676575,0.9408355355262756,1.0,1.0,0.953701376914978,0.9643494486808777,1.0,0.977782666683197,1.0,1.0,1.0,1.0,1.0,0.9737134575843811,1.0,1.0,0.951005220413208,1.0,0.973580539226532,1.0,1.0,1.0,1.0,1.0,1.0,0.9787150025367737,1.0,1.0,0.0,1.0,1.0,0.9809120893478394,1.0,1.0,1.0,1.0,0.9745671153068542,1.0,1.0,1.0,1.0,0.9561244249343872,1.0,1.0,1.0,1.0,1.0,1.0,0.9797403216362,0.9771192073822021,0.9488505721092224,1.0,0.9747660160064697,1.0
completing,1.0,1.0,0.9736908674240112,1.0,0.9165932536125183,0.9576719403266907,1.0,1.0,0.9783383011817932,1.0,1.0,1.0,1.0,0.9794988036155701,0.9844606518745422,1.0,1.0,1.0,1.0,0.9713894128799438,0.9840905666351318,1.0,0.966529905796051,1.0,1.0,0.9814587831497192,1.0,1.0,1.0,0.9862576127052307,0.9560855031013489,0.9697184562683105,1.0,1.0,1.0,0.973006010055542,0.9810991883277893,0.8408033847808838,0.9827449917793274,1.0,0.9330103993415833,1.0,1.0,0.9214200973510742,1.0,1.0,1.0,1.0,1.0,1.0,1.0,0.9714463353157043,0.9803125858306885,1.0,1.0,1.0,1.0,0.9851260185241699,0.9836042523384094,1.0,0.9839306473731995,0.9726763367652893,0.9331183433532715,1.0,0.9519912004470825,0.9839907288551331,1.0,1.0,1.0,1.0,1.0,1.0,1.0,0.9825441241264343,1.0,0.0,1.0,0.9856298565864563,0.8086744546890259,0.757574737071991,1.0,1.0,0.9808531403541565,0.9713038802146912,1.0,1.0,0.850371241569519,0.9705143570899963,1.0,1.0,0.9831613302230835,1.0,1.0,0.9368060231208801,1.0,0.9604086875915527,0.9861714839935303,1.0,0.9810028672218323,1.0
succeed,0.950111448764801,1.0,1.0,1.0,1.0,1.0,0.9725789427757263,0.9745520353317261,1.0,1.0,0.9731625318527222,1.0,1.0,1.0,1.0,0.9153358340263367,0.9529175758361816,1.0,1.0,1.0,1.0,0.9451741576194763,1.0,1.0,1.0,1.0,1.0,1.0,1.0,1.0,1.0,1.0,1.0,0.9755151271820068,1.0,0.9795662760734558,0.9026880860328674,0.9679605960845947,1.0,1.0,1.0,0.9852789044380188,1.0,1.0,0.9727005958557129,1.0,1.0,0.9768151044845581,0.9746890664100647,1.0,1.0,0.9225706458091736,0.9266723990440369,1.0,1.0,1.0,1.0,1.0,1.0,1.0,1.0,1.0,1.0,1.0,1.0,1.0,1.0,0.9724838733673096,1.0,1.0,0.9507107734680176,1.0,1.0,0.9453409910202026,1.0,1.0,0.0,1.0,1.0,1.0,0.9116305112838745,0.8746258020401001,1.0,1.0,1.0,1.0,0.9579663276672363,1.0,1.0,1.0,1.0,0.9692707657814026,1.0,1.0,0.9662342667579651,1.0,1.0,0.9830288290977478,0.9531276822090149,1.0
exhibitions,1.0,1.0,1.0,1.0,1.0,1.0,1.0,1.0,0.956486701965332,0.9870768189430237,1.0,0.9653815031051636,0.9853134155273438,1.0,0.8951147198677063,1.0,1.0,1.0,1.0,1.0,0.9886696338653564,1.0,0.9816415309906006,1.0,0.9775998592376709,1.0,1.0,0.9688711166381836,0.9487622976303101,0.9072434902191162,0.8458655476570129,1.0,1.0,1.0,1.0,0.8956878185272217,0.9648722410202026,0.9701100587844849,0.9831094741821289,1.0,1.0,1.0,0.981513261795044,0.8461943864822388,1.0,0.989225447177887,0.9856990575790405,0.9430938959121704,1.0,1.0,0.8656896352767944,1.0,0.9758849143981934,0.9880880117416382,1.0,1.0,1.0,0.985440194606781,1.0,0.9859063029289246,0.9507544040679932,0.970958948135376,0.9875859618186951,1.0,0.9858350157737732,0.9551565647125244,1.0,0.9803842902183533,1.0,1.0,1.0,0.9885879158973694,1.0,0.9899642467498779,0.9809120893478394,0.9856298565864563,1.0,0.0,0.9848232865333557,0.9850245714187622,0.9562857747077942,1.0,0.9507789611816406,1.0,0.8919575214385986,1.0,1.0,1.0,1.0,1.0,0.8863447308540344,1.0,1.0,0.9625336527824402,0.9891376495361328,0.7176481485366821,0.6892717480659485,1.0,0.986470639705658,1.0
zoning,1.0,1.0,1.0,1.0,1.0,1.0,1.0,1.0,0.9055142998695374,1.0,1.0,1.0,0.8644295334815979,0.9733309745788574,0.983588457107544,1.0,1.0,1.0,1.0,1.0,0.9793041944503784,1.0,1.0,1.0,0.9843006134033203,0.9758806228637695,1.0,1.0,0.9823421239852905,0.9854862689971924,0.965498149394989,0.960608184337616,1.0,1.0,0.9514071345329285,0.9857454299926758,0.9754128456115723,1.0,1.0,1.0,0.9564281702041626,1.0,1.0,0.980581521987915,1.0,1.0,1.0,1.0,1.0,1.0,1.0,1.0,1.0,1.0,1.0,1.0,1.0,1.0,0.9786715507507324,1.0,0.962124764919281,1.0,1.0,1.0,1.0,0.9791743159294128,1.0,0.973932147026062,1.0,1.0,1.0,1.0,1.0,0.9866632223129272,1.0,0.8086744546890259,1.0,0.9848232865333557,0.0,0.8006152510643005,0.98493492603302,1.0,0.9750927686691284,1.0,1.0,1.0,0.8053549528121948,0.9616435170173645,1.0,1.0,0.9822162389755249,1.0,1.0,0.9873447418212891,1.0,0.9818075895309448,0.9853953123092651,1.0,0.9752874970436096,1.0
preventing,0.9675372838973999,0.9706013202667236,1.0,1.0,1.0,1.0,1.0,1.0,1.0,1.0,1.0,1.0,1.0,0.9786352515220642,0.9639724493026733,0.9197266101837158,0.9579197764396667,0.8607311248779297,1.0,1.0,0.9401962161064148,1.0,1.0,1.0,1.0,0.9806777834892273,1.0,0.9831844568252563,0.9183833599090576,0.8319182991981506,0.9542357325553894,0.9684429168701172,1.0,1.0,1.0,0.9718689322471619,0.9803030490875244,1.0,0.9191109538078308,1.0,0.965094268321991,1.0,1.0,1.0,0.9740241765975952,0.9806901216506958,1.0,1.0,1.0,0.978881299495697,1.0,1.0,0.9794833064079285,1.0,0.9803454875946045,1.0,1.0,0.8824615478515625,0.982913613319397,1.0,0.9832537174224854,0.9752923846244812,0.9616912603378296,1.0,0.9746138453483582,0.9371923804283142,0.9137248396873474,0.9684965014457703,1.0,1.0,1.0,1.0,1.0,1.0,1.0,0.757574737071991,1.0,0.9850245714187622,0.8006152510643005,0.0,1.0,1.0,0.9800466299057007,1.0,1.0,1.0,0.8440684080123901,0.9692723155021667,1.0,1.0,0.9453195333480835,1.0,1.0,0.8727147579193115,0.9610654711723328,0.9600629806518555,0.9855889678001404,1.0,0.9802026152610779,1.0
subdivision,0.9758943915367126,1.0,1.0,1.0,1.0,1.0,1.0,1.0,0.9892732501029968,0.9695013165473938,1.0,1.0,0.9423384070396423,1.0,0.8956300616264343,1.0,0.9679275751113892,1.0,1.0,1.0,1.0,0.9736871719360352,1.0,1.0,0.9882733225822449,1.0,1.0,1.0,0.5848482251167297,0.9076992273330688,0.9016827344894409,1.0,1.0,1.0,1.0,0.8714264631271362,1.0,1.0,1.0,1.0,1.0,1.0,1.0,0.9854952692985535,0.977250337600708,1.0,1.0,0.9806790947914124,0.9789074063301086,1.0,1.0,1.0,1.0,1.0,1.0,1.0,1.0,0.969417154788971,0.9697521328926086,1.0,0.7989801168441772,1.0,0.9739243388175964,1.0,1.0,0.9730925559997559,1.0,0.9805285334587097,0.9785158634185791,1.0,1.0,0.9751954078674316,0.9762005805969238,0.9741061925888062,1.0,1.0,0.9116305112838745,0.9562857747077942,0.98493492603302,1.0,0.0,0.911454439163208,1.0,1.0,1.0,1.0,1.0,1.0,0.9480389356613159,1.0,0.8586016893386841,1.0,1.0,0.9905471205711365,0.9718616604804993,0.947599470615387,0.8848522305488586,1.0,0.9649528861045837,1.0
surround,1.0,1.0,1.0,1.0,0.9325445294380188,0.9661810398101807,0.895107090473175,0.9745013117790222,0.9793731570243835,1.0,0.8973394632339478,1.0,1.0,1.0,1.0,0.9566860198974609,1.0,1.0,1.0,1.0,1.0,0.945064902305603,1.0,0.9729112386703491,0.9743099808692932,0.9679567217826843,0.9600384831428528,1.0,0.9746373295783997,1.0,1.0,1.0,1.0,0.5968862175941467,1.0,0.9795255661010742,0.9545774459838867,1.0,1.0,1.0,1.0,0.580848217010498,1.0,0.9682241082191467,0.972646176815033,0.9738538861274719,1.0,0.9767689108848572,0.9746386408805847,1.0,1.0,0.9832009673118591,0.9348630905151367,1.0,1.0,1.0,0.919693648815155,0.9774367809295654,0.9789121747016907,1.0,1.0,1.0,1.0,0.9803833961486816,1.0,1.0,1.0,0.8947435617446899,1.0,1.0,1.0,1.0,1.0,0.964601993560791,1.0,1.0,0.8746258020401001,1.0,1.0,1.0,0.911454439163208,0.0,0.9753736853599548,1.0,1.0,1.0,0.8951488733291626,1.0,1.0,1.0,1.0,0.9692095518112183,1.0,1.0,0.8967954516410828,1.0,1.0,0.9829950332641602,0.9755662679672241,1.0
indexes,1.0,1.0,1.0,1.0,1.0,1.0,0.9646826982498169,1.0,0.9870972037315369,0.9520516395568848,0.9654343128204346,1.0,1.0,0.9095107913017273,0.9765018224716187,1.0,0.9676848649978638,1.0,1.0,1.0,0.8906237483024597,1.0,0.9755390286445618,1.0,0.9858943819999695,0.9181618690490723,1.0,1.0,1.0,0.9792191386222839,0.9353893995285034,1.0,1.0,0.9684643745422363,1.0,1.0,0.3078318238258362,0.9364601969718933,1.0,1.0,1.0,0.9032724499702454,0.9753681421279907,0.9825528264045715,1.0,0.9335780143737793,0.9118388295173645,1.0,1.0,0.9719797968864441,0.9669252634048462,1.0,1.0,0.933542788028717,1.0,1.0,1.0,1.0,0.8228880763053894,0.9812214374542236,0.9290722608566284,1.0,1.0,0.9781010150909424,0.9811264872550964,0.9293375015258789,1.0,0.9645602703094482,1.0,1.0,1.0,0.92964768409729,1.0,0.9818683862686157,0.9745671153068542,0.9808531403541565,1.0,0.9507789611816406,0.9750927686691284,0.9800466299057007,1.0,0.9753736853599548,0.0,1.0,0.9547641277313232,1.0,0.9805209636688232,1.0,1.0,1.0,0.9714844226837158,1.0,0.9687406420707703,0.9797078371047974,0.9330366849899292,0.9836544394493103,0.9868779182434082,1.0,0.7113819122314453,1.0
tackle,1.0,0.9672319889068604,0.9473884105682373,1.0,0.9722360372543335,1.0,1.0,1.0,0.9734203815460205,1.0,1.0,1.0,1.0,1.0,1.0,1.0,0.972852885723114,1.0,1.0,0.9648938775062561,1.0,1.0,1.0,1.0,1.0,1.0,1.0,1.0,1.0,1.0,1.0,1.0,1.0,1.0,1.0,0.9649553298950195,1.0,1.0,0.9754524827003479,1.0,0.8667172193527222,1.0,1.0,1.0,1.0,1.0,1.0,0.9643225073814392,1.0,0.9764609336853027,1.0,1.0,1.0,1.0,1.0,0.9522392749786377,1.0,0.9788397550582886,1.0,1.0,1.0,0.9664729833602905,0.981958270072937,1.0,1.0,1.0,0.970607578754425,1.0,1.0,1.0,0.9683259725570679,0.9626686573028564,1.0,1.0,1.0,0.9713038802146912,1.0,1.0,1.0,1.0,1.0,1.0,1.0,0.0,0.9740121960639954,1.0,1.0,1.0,1.0,1.0,1.0,1.0,1.0,1.0,0.9548263549804688,1.0,0.9640945792198181,1.0,1.0,1.0
excuse,1.0,0.9667694568634033,1.0,1.0,0.8845337629318237,1.0,1.0,1.0,0.9707328081130981,1.0,1.0,1.0,1.0,1.0,1.0,0.9697313904762268,0.972469687461853,1.0,1.0,1.0,1.0,1.0,1.0,1.0,0.9608584642410278,1.0,1.0,1.0,1.0,1.0,1.0,1.0,1.0,1.0,1.0,1.0,0.9553454518318176,1.0,0.9751059412956238,1.0,0.9696664214134216,1.0,1.0,1.0,0.9668089151382446,0.9721524715423584,1.0,1.0,1.0,0.9021044373512268,1.0,1.0,0.9693447351455688,1.0,1.0,1.0,1.0,0.9785410761833191,1.0,1.0,0.957687258720398,0.9630828499794006,0.9817036390304565,1.0,1.0,1.0,1.0,1.0,1.0,1.0,0.9678788781166077,1.0,1.0,0.9767559170722961,1.0,1.0,1.0,0.8919575214385986,1.0,1.0,1.0,1.0,0.9547641277313232,0.9740121960639954,0.0,1.0,0.9551419019699097,1.0,1.0,1.0,1.0,1.0,1.0,1.0,1.0,1.0,1.0,1.0,1.0,1.0
uh,1.0,1.0,1.0,1.0,1.0,1.0,1.0,1.0,1.0,1.0,1.0,1.0,1.0,1.0,1.0,1.0,1.0,1.0,1.0,1.0,1.0,1.0,1.0,1.0,1.0,1.0,1.0,1.0,1.0,1.0,1.0,1.0,1.0,1.0,1.0,1.0,1.0,1.0,1.0,1.0,1.0,0.9348286390304565,1.0,1.0,1.0,1.0,1.0,1.0,1.0,1.0,1.0,1.0,1.0,1.0,1.0,1.0,1.0,1.0,1.0,1.0,1.0,1.0,1.0,1.0,1.0,1.0,1.0,1.0,1.0,1.0,1.0,1.0,1.0,1.0,1.0,1.0,1.0,1.0,1.0,1.0,1.0,1.0,1.0,1.0,1.0,0.0,1.0,1.0,0.9244152903556824,1.0,1.0,1.0,1.0,1.0,1.0,1.0,1.0,1.0,1.0,1.0
occurring,1.0,1.0,1.0,1.0,0.9706307053565979,1.0,1.0,1.0,1.0,1.0,1.0,1.0,1.0,0.9791430830955505,1.0,1.0,1.0,1.0,1.0,1.0,0.983814537525177,1.0,1.0,1.0,1.0,0.9532345533370972,1.0,1.0,1.0,0.9662536382675171,0.9851078987121582,0.9691931009292603,1.0,1.0,1.0,1.0,0.9807712435722351,1.0,1.0,1.0,0.9659240245819092,1.0,1.0,1.0,1.0,0.9772325754165649,1.0,1.0,1.0,1.0,1.0,1.0,0.9785668253898621,1.0,1.0,1.0,0.9300711750984192,1.0,0.9833198189735413,1.0,0.9836518168449402,1.0,1.0,1.0,1.0,0.9837129712104797,1.0,1.0,0.9506798982620239,1.0,1.0,1.0,1.0,1.0,1.0,0.850371241569519,0.9579663276672363,1.0,0.8053549528121948,0.8440684080123901,1.0,0.8951488733291626,0.9805209636688232,1.0,0.9551419019699097,1.0,0.0,0.9700027704238892,1.0,1.0,1.0,1.0,1.0,1.0,0.9770470261573792,1.0,1.0,1.0,0.9806732535362244,1.0
angola,1.0,1.0,1.0,1.0,1.0,1.0,0.9620177149772644,1.0,1.0,1.0,0.9628260731697083,1.0,0.9697477221488953,1.0,0.9628021121025085,1.0,1.0,1.0,1.0,1.0,1.0,0.9500745534896851,1.0,1.0,0.917127788066864,1.0,1.0,1.0,1.0,1.0,1.0,1.0,1.0,1.0,0.9711018800735474,1.0,1.0,1.0,0.9038037061691284,0.9228121042251587,0.7125829458236694,1.0,1.0,1.0,1.0,1.0,1.0,1.0,1.0,1.0,1.0,0.9753807783126831,1.0,1.0,1.0,1.0,1.0,1.0,1.0,1.0,1.0,0.973514974117279,0.9392843842506409,0.9764485359191895,1.0,1.0,0.9616049528121948,1.0,0.9689862132072449,1.0,1.0,1.0,1.0,1.0,0.9561244249343872,0.9705143570899963,1.0,1.0,0.9616435170173645,0.9692723155021667,1.0,1.0,1.0,1.0,1.0,1.0,0.9700027704238892,0.0,1.0,1.0,1.0,1.0,0.9558134078979492,1.0,1.0,1.0,0.9773624539375305,1.0,1.0,1.0
dispatch,1.0,1.0,1.0,1.0,1.0,1.0,1.0,1.0,1.0,1.0,1.0,1.0,1.0,1.0,1.0,1.0,0.9622029066085815,0.9526875019073486,1.0,0.9770527482032776,1.0,1.0,1.0,1.0,1.0,1.0,1.0,1.0,0.9722130298614502,1.0,1.0,1.0,1.0,1.0,1.0,0.9603230953216553,1.0,1.0,1.0,1.0,1.0,1.0,1.0,1.0,0.9769600629806519,0.9619030952453613,1.0,1.0,1.0,0.9672263860702515,1.0,0.9807842373847961,1.0,1.0,1.0,1.0,1.0,1.0,0.9465750455856323,1.0,1.0,1.0,0.9837960004806519,0.9805123209953308,1.0,1.0,1.0,1.0,1.0,1.0,1.0,0.9733684659004211,1.0,1.0,1.0,1.0,1.0,1.0,1.0,1.0,0.9480389356613159,1.0,1.0,1.0,1.0,0.9244152903556824,1.0,1.0,0.0,1.0,0.9451318383216858,1.0,1.0,1.0,1.0,0.977990448474884,0.9770175814628601,1.0,0.9623715281486511,1.0
herb,1.0,0.9542720317840576,1.0,1.0,1.0,1.0,0.9349451065063477,0.7950035333633423,1.0,1.0,1.0,1.0,1.0,1.0,1.0,1.0,1.0,1.0,1.0,0.8647084832191467,0.9684151411056519,1.0,1.0,0.8654780983924866,1.0,1.0,1.0,1.0,1.0,1.0,1.0,1.0,1.0,1.0,1.0,1.0,1.0,1.0,1.0,1.0,1.0,0.9737839698791504,1.0,1.0,1.0,1.0,1.0,1.0,1.0,1.0,1.0,1.0,1.0,1.0,1.0,1.0,1.0,1.0,1.0,1.0,1.0,1.0,1.0,1.0,1.0,1.0,0.9749526381492615,1.0,1.0,1.0,1.0,1.0,0.9411560893058777,1.0,1.0,1.0,1.0,1.0,1.0,1.0,1.0,1.0,1.0,1.0,1.0,1.0,1.0,1.0,1.0,0.0,1.0,1.0,0.96335369348526,1.0,1.0,1.0,1.0,0.9597368836402893,1.0,0.8524280786514282
deviation,0.9715441465377808,1.0,1.0,1.0,1.0,1.0,1.0,1.0,0.9873374700546265,0.9369724988937378,1.0,1.0,0.9319325685501099,1.0,0.8096941113471985,1.0,0.5882010459899902,1.0,1.0,0.9747698903083801,1.0,1.0,1.0,1.0,0.9861570596694946,1.0,1.0,1.0,0.8342663049697876,0.8317007422447205,0.8039400577545166,1.0,1.0,1.0,1.0,0.7708696126937866,0.9718508720397949,1.0,0.9802080392837524,1.0,1.0,0.9803335666656494,1.0,0.9828777313232422,0.9746679663658142,1.0,1.0,1.0,1.0,0.8991631269454956,1.0,0.9788725972175598,1.0,1.0,1.0,1.0,1.0,0.9829391241073608,0.9769666790962219,1.0,0.8725925087928772,1.0,0.940018892288208,0.9785736203193665,1.0,1.0,1.0,0.9770146608352661,0.9746387600898743,1.0,1.0,1.0,0.9719056487083435,0.9882402420043945,1.0,0.9831613302230835,1.0,0.8863447308540344,0.9822162389755249,0.9453195333480835,0.8586016893386841,1.0,0.9714844226837158,1.0,1.0,1.0,1.0,1.0,0.9451318383216858,1.0,0.0,1.0,0.9725090861320496,0.9240750670433044,1.0,0.7543563842773438,0.890628457069397,1.0,1.0,1.0
lid,1.0,1.0,0.9393891096115112,1.0,1.0,1.0,0.9558424949645996,0.9590198397636414,1.0,0.9353093504905701,0.9567822813987732,1.0,1.0,1.0,1.0,0.9704788327217102,1.0,1.0,1.0,0.9359742999076843,1.0,0.5422415733337402,1.0,1.0,1.0,1.0,1.0,1.0,1.0,1.0,1.0,1.0,1.0,0.960570752620697,1.0,1.0,0.9660687446594238,1.0,1.0,1.0,1.0,0.9762938618659973,0.9074594378471375,1.0,1.0,1.0,1.0,0.9541910886764526,1.0,1.0,1.0,0.9730014801025391,0.9744317531585693,1.0,1.0,0.9449775218963623,1.0,1.0,1.0,1.0,1.0,1.0,1.0,1.0,1.0,1.0,1.0,0.9556894302368164,1.0,1.0,1.0,1.0,1.0,1.0,1.0,1.0,0.9692707657814026,1.0,1.0,1.0,1.0,0.9692095518112183,1.0,1.0,1.0,1.0,1.0,1.0,1.0,1.0,1.0,0.0,0.9341938495635986,0.9214383959770203,1.0,1.0,1.0,0.9726704955101013,1.0,1.0
ladder,1.0,0.9623955488204956,1.0,1.0,1.0,1.0,1.0,0.9307178854942322,1.0,0.9703747630119324,1.0,1.0,1.0,1.0,1.0,1.0,0.9688460826873779,1.0,1.0,0.8556079864501953,0.9740261435508728,1.0,1.0,0.8990607261657715,1.0,1.0,1.0,1.0,1.0,1.0,1.0,1.0,1.0,1.0,1.0,1.0,0.9691423773765564,1.0,1.0,0.9532058238983154,1.0,0.9168042540550232,0.9380295276641846,1.0,0.9705607891082764,1.0,1.0,1.0,1.0,0.97298663854599,1.0,1.0,1.0,1.0,1.0,0.9699690937995911,0.9469677805900574,1.0,0.9732321500778198,1.0,1.0,1.0,0.9697239398956299,1.0,1.0,1.0,0.9794023036956787,1.0,1.0,1.0,1.0,1.0,1.0,0.9793834090232849,1.0,1.0,1.0,1.0,1.0,1.0,1.0,1.0,0.9687406420707703,1.0,1.0,1.0,1.0,0.9558134078979492,1.0,0.96335369348526,0.9725090861320496,0.9341938495635986,0.0,0.9804369807243347,1.0,1.0,1.0,1.0,1.0,0.8892685770988464
confidentiality,0.9745734930038452,1.0,0.9521770477294922,1.0,0.9319196939468384,1.0,1.0,1.0,0.990989089012146,0.91689532995224,1.0,0.9711330533027649,0.9877534508705139,1.0,0.9770183563232422,1.0,0.9797762632369995,0.9284836053848267,0.9701128005981445,1.0,0.982049286365509,0.9405578970909119,0.9726802110671997,1.0,0.9901491403579712,0.9776131510734558,1.0,0.9840927124023438,0.9889202117919922,0.9796759486198425,0.9498865008354187,1.0,1.0,1.0,0.9726424217224121,0.9690219759941101,0.9799686074256897,0.9331839680671692,0.9366434812545776,1.0,1.0,0.9860050082206726,1.0,0.9236750602722168,0.9796543717384338,1.0,1.0,0.7781669497489929,1.0,0.9824641346931458,1.0,1.0,0.9678605198860168,1.0,0.9457959532737732,0.976081132888794,1.0,0.9878591895103455,1.0,1.0,0.9893510341644287,0.9806477427482605,0.9454081654548645,0.9815847873687744,1.0,0.8158736824989319,0.9324248433113098,0.9836432337760925,1.0,1.0,1.0,1.0,1.0,0.9525033831596375,1.0,0.9368060231208801,1.0,0.9625336527824402,0.9873447418212891,0.8727147579193115,0.9905471205711365,1.0,0.9797078371047974,1.0,1.0,1.0,1.0,1.0,1.0,1.0,0.9240750670433044,0.9214383959770203,0.9804369807243347,0.0,1.0,0.9562686681747437,0.963945746421814,1.0,1.0,1.0
treasures,1.0,0.9413807392120361,1.0,1.0,0.9700066447257996,1.0,1.0,0.9589762687683105,0.9556216597557068,0.986283540725708,1.0,1.0,1.0,1.0,0.9110811352729797,1.0,1.0,0.9521834254264832,1.0,0.9677244424819946,0.8969374895095825,1.0,0.9805145859718323,1.0,0.9887635707855225,0.9715046286582947,1.0,1.0,1.0,0.9213635325431824,1.0,1.0,1.0,1.0,1.0,1.0,1.0,0.9493846297264099,1.0,1.0,1.0,1.0,0.9803784489631653,0.9861016869544983,1.0,0.8905762434005737,0.9297714233398438,1.0,1.0,0.7724114656448364,0.9736528396606445,1.0,0.9781113862991333,0.9672086834907532,0.9608099460601807,1.0,1.0,1.0,1.0,0.9850411415100098,1.0,1.0,1.0,1.0,0.9849655032157898,1.0,1.0,1.0,1.0,1.0,1.0,0.9439578056335449,1.0,1.0,0.9797403216362,1.0,0.9662342667579651,0.9891376495361328,1.0,0.9610654711723328,0.9718616604804993,0.8967954516410828,0.9330366849899292,0.9548263549804688,1.0,1.0,0.9770470261573792,1.0,1.0,1.0,1.0,1.0,1.0,1.0,0.0,0.874313235282898,0.989547073841095,1.0,0.9335602521896362,1.0
creations,1.0,0.9668983817100525,0.9691292643547058,1.0,0.9702669978141785,1.0,1.0,0.9536687135696411,0.9754384160041809,0.9845089316368103,1.0,1.0,0.9823951125144958,1.0,0.8519415855407715,1.0,1.0,0.9729984998703003,1.0,0.8868728876113892,0.9635545015335083,1.0,0.9387202858924866,1.0,0.9731488227844238,1.0,1.0,1.0,0.9385810494422913,0.834941029548645,0.8389809727668762,1.0,1.0,1.0,1.0,0.8254945278167725,1.0,0.9655957221984863,0.9797532558441162,1.0,1.0,1.0,0.9778398871421814,0.7876200079917908,0.9740859270095825,0.9870845079421997,0.9828574061393738,1.0,1.0,0.7667455077171326,0.8390014171600342,0.9783871173858643,1.0,0.9857210516929626,0.9778698682785034,1.0,1.0,0.9825471043586731,0.9764373898506165,0.9831057786941528,0.9409690499305725,1.0,0.9193193912506104,0.9780813455581665,0.9830203652381897,0.9722126722335815,1.0,0.9764865040779114,1.0,1.0,1.0,0.9863202571868896,1.0,0.9879700541496277,0.9771192073822021,0.9604086875915527,1.0,0.7176481485366821,0.9818075895309448,0.9600629806518555,0.947599470615387,1.0,0.9836544394493103,1.0,1.0,1.0,1.0,1.0,0.977990448474884,1.0,0.7543563842773438,1.0,1.0,0.9562686681747437,0.874313235282898,0.0,0.7282901406288147,1.0,0.9837822318077087,1.0
acquisitions,1.0,1.0,1.0,1.0,1.0,1.0,1.0,1.0,0.980282187461853,0.9875639081001282,1.0,0.9666863083839417,0.9632644653320312,1.0,0.8990678787231445,1.0,1.0,1.0,1.0,1.0,0.9890967011451721,1.0,0.9823334813117981,1.0,0.9602630734443665,1.0,1.0,1.0,0.8650345802307129,0.9107394814491272,0.8516749143600464,1.0,1.0,1.0,0.9784092307090759,0.8524616956710815,1.0,0.9712366461753845,0.9234088659286499,1.0,0.9742844104766846,1.0,0.9822100400924683,0.8519914150238037,1.0,0.9896315932273865,0.9862381219863892,0.9800590872764587,1.0,1.0,0.8707518577575684,0.981606125831604,1.0,0.9885369539260864,1.0,1.0,1.0,0.985988974571228,1.0,0.9864374995231628,0.92642742395401,1.0,0.9880538582801819,1.0,0.9863688945770264,0.8943608999252319,1.0,0.9811236262321472,1.0,1.0,1.0,0.9649714827537537,1.0,0.9903424978256226,0.9488505721092224,0.9861714839935303,1.0,0.6892717480659485,0.9853953123092651,0.9855889678001404,0.8848522305488586,1.0,0.9868779182434082,0.9640945792198181,1.0,1.0,1.0,0.9773624539375305,0.9770175814628601,1.0,0.890628457069397,1.0,1.0,0.963945746421814,0.989547073841095,0.7282901406288147,0.0,1.0,0.9869805574417114,1.0
hardwood,1.0,1.0,1.0,1.0,1.0,0.9441965818405151,0.815947949886322,0.936421275138855,1.0,1.0,0.9761316776275635,1.0,1.0,1.0,1.0,0.9836960434913635,1.0,0.9587709307670593,1.0,1.0,1.0,0.9793216586112976,1.0,1.0,1.0,1.0,1.0,1.0,1.0,1.0,1.0,1.0,1.0,0.978223979473114,1.0,1.0,0.9812604188919067,1.0,1.0,1.0,1.0,0.9869075417518616,1.0,1.0,1.0,0.9668015837669373,1.0,1.0,0.9633134007453918,1.0,1.0,0.9850892424583435,0.985879123210907,1.0,1.0,1.0,1.0,1.0,1.0,1.0,1.0,1.0,1.0,1.0,1.0,1.0,1.0,0.9755281209945679,1.0,1.0,1.0,1.0,0.9600914120674133,1.0,1.0,1.0,0.9830288290977478,1.0,1.0,1.0,1.0,0.9829950332641602,1.0,1.0,1.0,1.0,1.0,1.0,1.0,0.9597368836402893,1.0,0.9726704955101013,1.0,1.0,1.0,1.0,1.0,0.0,1.0,1.0
indices,1.0,1.0,0.9612129330635071,1.0,1.0,1.0,0.9649588465690613,1.0,0.9611696004867554,0.9829156994819641,0.965704619884491,1.0,1.0,0.910218358039856,0.9766855835914612,1.0,0.8516141772270203,1.0,1.0,1.0,0.8914790153503418,1.0,0.975730299949646,1.0,0.9860047101974487,0.9188017845153809,1.0,1.0,1.0,0.9793816208839417,0.9358946084976196,1.0,1.0,0.9687109589576721,1.0,1.0,0.7974238991737366,0.9369570016860962,1.0,1.0,1.0,0.962376058101654,0.9755607843399048,0.9826892614364624,1.0,0.934097409248352,0.9125282168388367,1.0,1.0,1.0,0.9671838283538818,1.0,1.0,0.9340624809265137,1.0,0.9647891521453857,1.0,1.0,0.5477520227432251,0.9813682436943054,0.9296268224716187,1.0,1.0,0.9782721996307373,0.9812740683555603,0.9298900365829468,1.0,0.9648374319076538,1.0,1.0,1.0,0.9301977753639221,1.0,0.9578374624252319,0.9747660160064697,0.9810028672218323,0.9531276822090149,0.986470639705658,0.9752874970436096,0.9802026152610779,0.9649528861045837,0.9755662679672241,0.7113819122314453,1.0,1.0,1.0,0.9806732535362244,1.0,0.9623715281486511,1.0,1.0,1.0,1.0,1.0,0.9335602521896362,0.9837822318077087,0.9869805574417114,1.0,0.0,1.0
bother,0.952094316482544,0.9600920081138611,1.0,1.0,1.0,1.0,1.0,0.9473101496696472,1.0,1.0,0.9488235712051392,1.0,1.0,1.0,1.0,1.0,1.0,1.0,1.0,0.602459192276001,0.9724350571632385,1.0,1.0,0.4012994170188904,1.0,1.0,1.0,1.0,1.0,1.0,1.0,1.0,1.0,0.8205476999282837,1.0,1.0,1.0,1.0,1.0,0.9583317637443542,1.0,0.977120578289032,1.0,1.0,0.9687573909759521,1.0,1.0,1.0,1.0,1.0,1.0,1.0,1.0,1.0,1.0,0.9681294560432434,0.9437191486358643,0.9580000042915344,0.9715924263000488,1.0,1.0,1.0,0.9641898274421692,1.0,1.0,1.0,0.9781404733657837,1.0,1.0,1.0,1.0,1.0,1.0,0.9781205058097839,1.0,1.0,1.0,1.0,1.0,1.0,1.0,1.0,1.0,1.0,1.0,1.0,1.0,1.0,1.0,0.8524280786514282,1.0,1.0,0.8892685770988464,1.0,1.0,1.0,1.0,1.0,1.0,0.0
